Date,Open,High,Low,Close,Volume
2/1/2020,74.06,75.15,73.8,75.09,33911864
3/1/2020,74.29,75.15,74.13,74.36,36633878
6/1/2020,73.45,74.99,73.19,74.95,29644644
7/1/2020,74.96,75.22,74.37,74.6,27877655
8/1/2020,74.29,76.11,74.29,75.8,33090946
9/1/2020,76.81,77.61,76.55,77.41,42621542
10/1/2020,77.65,78.17,77.06,77.58,35217272
13/1/2020,77.91,79.27,77.79,79.24,30521722
14/1/2020,79.18,79.39,78.04,78.17,40653457
15/1/2020,77.96,78.88,77.39,77.83,30480882
16/1/2020,78.4,78.93,78.02,78.81,27207254
17/1/2020,79.07,79.69,78.75,79.68,34454117
21/1/2020,79.3,79.76,79,79.14,27710814
22/1/2020,79.65,80,79.33,79.43,25458115
23/1/2020,79.48,79.89,78.91,79.81,26117993
24/1/2020,80.06,80.83,79.38,79.58,36634380
27/1/2020,77.52,77.94,76.22,77.24,40485005
28/1/2020,78.15,79.6,78.05,79.42,40558486
29/1/2020,81.11,81.96,80.35,81.08,54149928
30/1/2020,80.14,81.02,79.69,80.97,31685808
31/1/2020,80.23,80.67,77.07,77.38,49897096
3/2/2020,76.08,78.37,75.56,77.17,43496401
4/2/2020,78.83,79.91,78.41,79.71,34154134
5/2/2020,80.88,81.19,79.74,80.36,29706718
6/2/2020,80.64,81.31,80.07,81.3,26356385
7/2/2020,80.59,80.85,79.5,80.01,29421012
10/2/2020,78.55,80.39,78.46,80.39,27337215
11/2/2020,80.9,80.97,79.68,79.9,23580780
12/2/2020,80.37,81.81,80.37,81.8,28432573
13/2/2020,81.05,81.56,80.84,81.22,23686892
14/2/2020,81.19,81.5,80.71,81.24,20028447
18/2/2020,78.84,79.94,78.65,79.75,38190545
19/2/2020,80,81.14,80,80.91,23495991
20/2/2020,80.66,81.16,79.55,80.08,25141489
21/2/2020,79.66,80.11,77.63,78.26,32426415
24/2/2020,74.32,76.05,72.31,74.55,55548828
25/2/2020,75.24,75.63,71.53,72.02,57668364
26/2/2020,71.63,74.47,71.63,73.16,49678431
27/2/2020,70.28,71.5,68.24,68.38,80151381
28/2/2020,64.32,69.6,64.09,68.34,106721230
2/3/2020,70.57,75.36,69.43,74.7,85349339
3/3/2020,75.92,76,71.45,72.33,79868852
4/3/2020,74.11,75.85,73.28,75.69,54794568
5/3/2020,73.88,74.89,72.85,73.23,46893219
6/3/2020,70.5,72.71,70.31,72.26,56544246
9/3/2020,65.94,69.52,65.75,66.54,71686208
10/3/2020,69.29,71.61,67.34,71.33,71322520
11/3/2020,69.35,70.31,67.97,68.86,64094970
12/3/2020,63.99,67.5,62,62.06,104618517
13/3/2020,66.22,69.98,63.24,69.49,92683032
16/3/2020,60.49,64.77,60,60.55,80605865
17/3/2020,61.88,64.4,59.6,63.22,81013965
18/3/2020,59.94,62.5,59.28,61.67,75058406
19/3/2020,61.85,63.21,60.65,61.2,67964255
20/3/2020,61.8,62.96,57,57.31,100423346
23/3/2020,57.02,57.12,53.15,56.09,84188208
24/3/2020,59.09,61.92,58.58,61.72,71882773
25/3/2020,62.69,64.56,61.08,61.38,75900510
26/3/2020,61.63,64.67,61.59,64.61,63140169
27/3/2020,63.19,63.97,61.76,61.94,51054153
30/3/2020,62.69,63.88,62.35,63.7,41994110
31/3/2020,63.9,65.62,63,63.57,49250501
1/4/2020,61.63,62.18,59.78,60.23,44054638
2/4/2020,60.09,61.29,59.23,61.23,41483493
3/4/2020,60.7,61.43,59.74,60.35,32470017
6/4/2020,62.73,65.78,62.35,65.62,50455071
7/4/2020,67.7,67.93,64.75,64.86,50721831
8/4/2020,65.69,66.84,65.31,66.52,42223821
9/4/2020,67.18,67.52,66.18,67,40529123
13/4/2020,67.08,68.43,66.46,68.31,32755731
14/4/2020,70,72.06,69.51,71.76,48748672
15/4/2020,70.6,71.58,70.16,71.11,32788641
16/4/2020,71.85,72.05,70.59,71.67,39281290
17/4/2020,71.17,71.74,69.22,70.7,53812478
20/4/2020,69.49,70.42,69.21,69.23,32503750
21/4/2020,69.07,69.31,66.36,67.09,45247893
22/4/2020,68.4,69.47,68.05,69.03,29264342
23/4/2020,68.97,70.44,68.72,68.76,31203582
24/4/2020,69.3,70.75,69.25,70.74,31627183
27/4/2020,70.45,71.14,69.99,70.79,29271893
28/4/2020,71.27,71.46,69.55,69.65,28001187
29/4/2020,71.18,72.42,70.97,71.93,34320204
30/4/2020,72.49,73.63,72.09,73.45,45765968
1/5/2020,71.56,74.75,71.46,72.27,60154175
4/5/2020,72.29,73.42,71.58,73.29,33391986
5/5/2020,73.77,75.25,73.61,74.39,36937795
6/5/2020,75.11,75.81,74.72,75.16,35583438
7/5/2020,75.81,76.29,75.49,75.94,28803764
8/5/2020,76.41,77.59,76.07,77.53,33511985
11/5/2020,77.03,79.26,76.81,78.75,36486561
12/5/2020,79.46,79.92,77.73,77.85,40575263
13/5/2020,78.04,78.99,75.8,76.91,50155639
14/5/2020,76.13,77.45,75.38,77.39,39732269
15/5/2020,75.09,76.97,75.05,76.93,41587094
18/5/2020,78.29,79.13,77.58,78.74,33843125
19/5/2020,78.76,79.63,78.25,78.29,25432385
20/5/2020,79.17,79.88,79.05,79.81,27876215
21/5/2020,79.67,80.22,78.97,79.21,25672211
22/5/2020,78.94,79.81,78.84,79.72,20450754
26/5/2020,80.88,81.06,79.13,79.18,31380454
27/5/2020,79.04,79.68,78.27,79.53,28236274
28/5/2020,79.19,80.86,78.91,79.56,33449103
29/5/2020,79.81,80.29,79.12,79.49,38399532
1/6/2020,79.44,80.59,79.3,80.46,20254653
2/6/2020,80.19,80.86,79.73,80.83,21910704
3/6/2020,81.17,81.55,80.58,81.28,26122804
4/6/2020,81.1,81.41,80.19,80.58,21890091
5/6/2020,80.84,82.94,80.81,82.88,34312550
8/6/2020,82.56,83.4,81.83,83.37,23913634
9/6/2020,83.04,86.4,83,86,36928091
10/6/2020,86.98,88.69,86.52,88.21,41662938
11/6/2020,87.33,87.77,83.87,83.98,50415613
12/6/2020,86.18,86.95,83.56,84.7,50036513
15/6/2020,83.31,86.42,83.15,85.75,34702230
16/6/2020,87.87,88.3,86.18,88.02,41357182
17/6/2020,88.79,88.85,87.77,87.9,28601626
18/6/2020,87.85,88.36,87.31,87.93,24205096
19/6/2020,88.66,89.14,86.29,87.43,66118952
22/6/2020,87.84,89.87,87.79,89.72,33861316
23/6/2020,91,93.1,90.57,91.63,53038869
24/6/2020,91.25,92.2,89.63,90.02,48155849
25/6/2020,90.18,91.25,89.39,91.21,34380628
26/6/2020,91.1,91.33,88.26,88.41,51314211
29/6/2020,88.31,90.54,87.82,90.45,32661519
30/6/2020,90.02,91.5,90,91.2,35055821
1/7/2020,91.28,91.84,90.98,91.03,27684309
2/7/2020,91.96,92.62,90.91,91.03,28510367
6/7/2020,92.5,93.95,92.47,93.46,29663913
7/7/2020,93.85,94.66,93.06,93.17,28106114
8/7/2020,94.18,95.38,94.09,95.34,29272970
9/7/2020,96.26,96.32,94.67,95.68,31410652
10/7/2020,95.34,95.98,94.71,95.92,22564330
13/7/2020,97.27,99.96,95.26,95.48,47912285
14/7/2020,94.84,97.26,93.88,97.06,42747341
15/7/2020,98.99,99.25,96.49,97.73,38299483
16/7/2020,96.56,97.41,95.91,96.52,27644418
17/7/2020,96.99,97.15,95.84,96.33,23046725
20/7/2020,96.42,98.5,96.06,98.36,22579477
21/7/2020,99.17,99.25,96.74,97,25911459
22/7/2020,96.69,97.98,96.6,97.27,22250413
23/7/2020,97,97.08,92.01,92.85,49251108
24/7/2020,90.99,92.97,89.15,92.62,46359716
27/7/2020,93.71,94.91,93.48,94.81,30303548
28/7/2020,94.37,94.55,93.25,93.25,25906375
29/7/2020,93.75,95.23,93.71,95.04,22582314
30/7/2020,94.19,96.3,93.77,96.19,39532505
31/7/2020,102.88,106.42,100.83,106.26,93573867
3/8/2020,108.2,111.64,107.89,108.94,77037847
4/8/2020,109.13,110.79,108.39,109.67,43198092
5/8/2020,109.38,110.39,108.9,110.06,30497988
6/8/2020,110.41,114.41,109.8,113.9,50607225
7/8/2020,113.21,113.68,110.29,111.11,49511403
10/8/2020,112.6,113.78,110,112.73,53100856
11/8/2020,111.97,112.48,109.11,109.38,46975594
12/8/2020,110.5,113.28,110.3,113.01,41486205
13/8/2020,114.43,116.04,113.93,115.01,52520516
14/8/2020,114.83,115,113.05,114.91,41391302
17/8/2020,116.06,116.09,113.96,114.61,29890361
18/8/2020,114.35,116,114.01,115.56,26408385
19/8/2020,115.98,117.16,115.61,115.71,36384502
20/8/2020,115.75,118.39,115.73,118.28,31726797
21/8/2020,119.26,124.87,119.25,124.37,84513660
24/8/2020,128.7,128.79,123.94,125.86,86484442
25/8/2020,124.7,125.18,123.05,124.83,52873947
26/8/2020,126.18,126.99,125.08,126.52,40755567
27/8/2020,127.14,127.49,123.83,125.01,38888096
28/8/2020,126.01,126.44,124.58,124.81,46907479
31/8/2020,127.58,131,126,129.04,225702688
1/9/2020,132.76,134.8,130.53,134.18,152470142
2/9/2020,137.59,137.98,127,131.4,200118991
3/9/2020,126.91,128.84,120.5,120.88,257599640
4/9/2020,120.07,123.7,110.89,120.96,332607163
8/9/2020,113.95,118.99,112.68,112.82,231366563
9/9/2020,117.26,119.14,115.26,117.32,176940455
10/9/2020,120.36,120.5,112.5,113.49,182274391
11/9/2020,114.57,115.23,110,112,180860325
14/9/2020,114.72,115.93,112.8,115.36,140150087
15/9/2020,118.33,118.83,113.61,115.54,184642039
16/9/2020,115.23,116,112.04,112.13,155026675
17/9/2020,109.72,112.2,108.71,110.34,178010968
18/9/2020,110.4,110.88,106.09,106.84,287104882
21/9/2020,104.54,110.19,103.1,110.08,195713815
22/9/2020,112.68,112.86,109.16,111.81,183055373
23/9/2020,111.62,112.11,106.77,107.12,150718671
24/9/2020,105.17,110.25,105,108.22,167743349
25/9/2020,108.43,112.44,107.67,112.28,149981441
28/9/2020,115.01,115.32,112.78,114.96,137672403
29/9/2020,114.55,115.31,113.57,114.09,100060526
30/9/2020,113.79,117.26,113.62,115.81,142675184
1/10/2020,117.64,117.72,115.83,116.79,116120440
2/10/2020,112.89,115.37,112.22,113.02,144711986
5/10/2020,113.91,116.65,113.55,116.5,106243839
6/10/2020,115.7,116.12,112.25,113.16,161498212
7/10/2020,114.62,115.55,114.13,115.08,96848985
8/10/2020,116.25,116.4,114.59,114.97,83477153
9/10/2020,115.28,117,114.92,116.97,100506865
12/10/2020,120.06,125.18,119.28,124.4,240226769
13/10/2020,125.27,125.39,119.65,121.1,262330451
14/10/2020,121,123.03,119.62,121.19,151062308
15/10/2020,118.72,121.2,118.15,120.71,112559219
16/10/2020,121.28,121.55,118.81,119.02,115393808
19/10/2020,119.96,120.42,115.66,115.98,120639337
20/10/2020,116.2,118.98,115.63,117.51,124423728
21/10/2020,116.67,118.71,116.45,116.87,89945980
22/10/2020,117.45,118.04,114.59,115.75,101987954
23/10/2020,116.39,116.55,114.28,115.04,82572645
26/10/2020,114.01,116.55,112.88,115.05,111850657
27/10/2020,115.49,117.28,114.54,116.6,92276772
28/10/2020,115.05,115.43,111.1,111.2,143937823
29/10/2020,112.37,116.93,112.2,115.32,146129173
30/10/2020,111.06,111.99,107.72,108.86,190573476
2/11/2020,109.11,110.68,107.32,108.77,122866899
3/11/2020,109.66,111.49,108.73,110.44,107624448
4/11/2020,114.14,115.59,112.35,114.95,138235482
5/11/2020,117.95,119.62,116.87,119.03,126387074
6/11/2020,118.32,119.2,116.13,118.69,114457922
9/11/2020,120.5,121.99,116.05,116.32,154515315
10/11/2020,115.55,117.59,114.13,115.97,138023390
11/11/2020,117.19,119.63,116.44,119.49,112294954
12/11/2020,119.62,120.53,118.57,119.21,103350674
13/11/2020,119.44,119.67,117.87,119.26,81688586
16/11/2020,118.92,120.99,118.15,120.3,91183018
17/11/2020,119.55,120.67,118.96,119.39,74270973
18/11/2020,118.61,119.82,118,118.03,76322111
19/11/2020,117.59,119.06,116.81,118.64,74112972
20/11/2020,118.64,118.77,117.29,117.34,73604287
23/11/2020,117.18,117.62,113.75,113.85,127959318
24/11/2020,113.91,115.85,112.59,115.17,113874218
25/11/2020,115.55,116.75,115.17,116.03,76499234
27/11/2020,116.57,117.49,116.22,116.59,46691331
30/11/2020,116.97,120.97,116.81,119.05,169410176
1/12/2020,121.01,123.47,120.01,122.72,128166803
2/12/2020,122.02,123.37,120.89,123.08,89004195
3/12/2020,123.52,123.78,122.21,122.94,78967630
4/12/2020,122.6,122.86,121.52,122.25,78260421
7/12/2020,122.31,124.57,122.25,123.75,86711990
8/12/2020,124.37,124.98,123.09,124.38,82225512
9/12/2020,124.53,125.95,121,121.78,115089193
10/12/2020,120.5,123.87,120.15,123.24,81312170
11/12/2020,122.43,122.76,120.55,122.41,86939786
14/12/2020,122.6,123.35,121.54,121.78,79075988
15/12/2020,124.34,127.9,124.13,127.88,157572262
16/12/2020,127.41,128.37,126.56,127.81,98208591
17/12/2020,128.9,129.58,128.04,128.7,94359811
18/12/2020,128.96,129.1,126.12,126.66,192541496
21/12/2020,125.02,128.31,123.45,128.23,121251553
22/12/2020,131.61,134.41,129.65,131.88,169351825
23/12/2020,132.16,132.43,130.78,130.96,88223692
24/12/2020,131.32,133.46,131.1,131.97,54930064
28/12/2020,133.99,137.34,133.51,136.69,124486237
29/12/2020,138.05,138.79,134.34,134.87,121047324
30/12/2020,135.58,135.99,133.4,133.72,96452124
31/12/2020,134.08,134.74,131.72,132.69,99116586
4/1/2021,133.52,133.61,126.76,129.41,143301887
5/1/2021,128.89,131.74,128.43,131.01,97664898
6/1/2021,127.72,131.05,126.38,126.6,155087970
7/1/2021,128.36,131.63,127.86,130.92,109578157
8/1/2021,132.43,132.63,130.23,132.05,105158245
11/1/2021,129.19,130.17,128.5,128.98,100620880
12/1/2021,128.5,129.69,126.86,128.8,91951145
13/1/2021,128.76,131.45,128.49,130.89,88636831
14/1/2021,130.8,131,128.76,128.91,90221755
15/1/2021,128.78,130.22,127,127.14,111598531
19/1/2021,127.78,128.71,126.94,127.83,90757329
20/1/2021,128.66,132.49,128.55,132.03,104319489
21/1/2021,133.8,139.67,133.59,136.87,120529544
22/1/2021,136.28,139.85,135.02,139.07,114459360
25/1/2021,143.07,145.09,136.54,142.92,157611713
26/1/2021,143.6,144.3,141.37,143.16,98390555
27/1/2021,143.43,144.3,140.41,142.06,140843759
28/1/2021,139.52,141.99,136.7,137.09,142621128
29/1/2021,135.83,136.74,130.21,131.96,177523812
1/2/2021,133.75,135.38,130.93,134.14,106239823
2/2/2021,135.73,136.31,134.61,134.99,83305367
3/2/2021,135.76,135.77,133.61,133.94,89880937
4/2/2021,136.3,137.4,134.59,137.39,84183061
5/2/2021,137.35,137.42,135.86,136.76,75693830
8/2/2021,136.03,136.96,134.92,136.91,71297214
9/2/2021,136.62,137.88,135.85,136.01,76774213
10/2/2021,136.48,136.99,134.4,135.39,73046563
11/2/2021,135.9,136.39,133.77,135.13,64280029
12/2/2021,134.35,135.53,133.69,135.37,60145130
16/2/2021,135.49,136.01,132.79,133.19,80576316
17/2/2021,131.25,132.22,129.47,130.84,98085249
18/2/2021,129.2,130,127.41,129.71,96856748
19/2/2021,130.24,130.71,128.8,129.87,87668834
22/2/2021,128.01,129.72,125.6,126,103916419
23/2/2021,123.76,126.71,118.39,125.86,158273022
24/2/2021,124.94,125.56,122.23,125.35,111039904
25/2/2021,124.68,126.46,120.54,120.99,148199540
26/2/2021,122.59,124.85,121.2,121.26,164560394
1/3/2021,123.75,127.93,122.79,127.79,116307892
2/3/2021,128.41,128.72,125.01,125.12,102260945
3/3/2021,124.81,125.71,121.84,122.06,112966340
4/3/2021,121.75,123.6,118.62,120.13,178154975
5/3/2021,120.98,121.94,117.57,121.42,153766601
8/3/2021,120.93,121,116.21,116.36,154376610
9/3/2021,119.03,122.06,118.79,121.09,129525780
10/3/2021,121.69,122.17,119.45,119.98,111943326
11/3/2021,122.54,123.21,121.26,121.96,103026514
12/3/2021,120.4,121.17,119.16,121.03,88105050
15/3/2021,121.41,124,120.42,123.99,92590555
16/3/2021,125.7,127.22,124.72,125.57,115227936
17/3/2021,124.05,125.86,122.34,124.76,111932636
18/3/2021,122.88,123.18,120.32,120.53,121469755
19/3/2021,119.9,121.43,119.68,119.99,185549522
22/3/2021,120.33,123.87,120.26,123.39,111912284
23/3/2021,123.33,124.24,122.14,122.54,95467142
24/3/2021,122.82,122.9,120.07,120.09,88530485
25/3/2021,119.54,121.66,119,120.59,98844681
26/3/2021,120.35,121.48,118.92,121.21,94071234
29/3/2021,121.65,122.58,120.73,121.39,80819203
30/3/2021,120.11,120.4,118.86,119.9,85671919
31/3/2021,121.65,123.52,121.15,122.15,118323826
1/4/2021,123.66,124.18,122.49,123,75089134
5/4/2021,123.87,126.16,123.07,125.9,88651175
6/4/2021,126.5,127.13,125.65,126.21,80171253
7/4/2021,125.83,127.92,125.14,127.9,83466716
8/4/2021,128.95,130.39,128.52,130.36,88844591
9/4/2021,129.8,133.04,129.47,133,106686703
12/4/2021,132.52,132.85,130.63,131.24,91419983
13/4/2021,132.44,134.66,131.93,134.43,91266545
14/4/2021,134.94,135,131.66,132.03,87222782
15/4/2021,133.82,135,133.64,134.5,89347102
16/4/2021,134.3,134.67,133.28,134.16,84922386
19/4/2021,133.51,135.47,133.34,134.84,94264215
20/4/2021,135.02,135.53,131.81,133.11,94812349
21/4/2021,132.36,133.75,131.3,133.5,68847136
22/4/2021,133.04,134.15,131.41,131.94,84566456
23/4/2021,132.16,135.12,132.16,134.32,78756779
26/4/2021,134.83,135.06,133.56,134.72,66905069
27/4/2021,135.01,135.41,134.11,134.39,66015804
28/4/2021,134.31,135.02,133.08,133.58,107760097
29/4/2021,136.47,137.07,132.45,133.48,151100953
30/4/2021,131.78,133.56,131.07,131.46,109839466
3/5/2021,132.04,134.07,131.83,132.54,75135100
4/5/2021,131.19,131.49,126.7,127.85,137564718
5/5/2021,129.2,130.45,127.97,128.1,84000900
6/5/2021,127.89,129.75,127.13,129.74,78128334
7/5/2021,130.85,131.26,129.48,130.21,78973273
10/5/2021,129.41,129.54,126.81,126.85,88071229
11/5/2021,123.5,126.27,122.77,125.91,126142826
12/5/2021,123.4,124.64,122.25,122.77,112172282
13/5/2021,124.58,126.15,124.26,124.97,105861339
14/5/2021,126.25,127.89,125.85,127.45,81917951
17/5/2021,126.82,126.93,125.17,126.27,74244624
18/5/2021,126.56,126.99,124.78,124.85,63342929
19/5/2021,123.16,124.92,122.86,124.69,92611989
20/5/2021,125.23,127.72,125.1,127.31,76857123
21/5/2021,127.82,128,125.21,125.43,79295436
24/5/2021,126.01,127.94,125.94,127.1,63092945
25/5/2021,127.82,128.32,126.32,126.9,72009482
26/5/2021,126.96,127.39,126.42,126.85,56575920
27/5/2021,126.44,127.64,125.08,125.28,94625601
28/5/2021,125.57,125.8,124.55,124.61,71311109
1/6/2021,125.08,125.35,123.94,124.28,67637118
2/6/2021,124.28,125.24,124.05,125.06,59278862
3/6/2021,124.68,124.85,123.13,123.54,76229170
4/6/2021,124.07,126.16,123.85,125.89,75169343
7/6/2021,126.17,126.32,124.83,125.9,71057550
8/6/2021,126.6,128.46,126.21,126.74,74403774
9/6/2021,127.21,127.75,126.52,127.13,56877937
10/6/2021,127.02,128.19,125.94,126.11,71186421
11/6/2021,126.53,127.44,126.1,127.35,53522373
14/6/2021,127.82,130.54,127.07,130.48,96906490
15/6/2021,129.94,130.6,129.39,129.64,62746332
16/6/2021,130.37,130.89,128.46,130.15,91815026
17/6/2021,129.8,132.55,129.65,131.79,96721669
18/6/2021,130.71,131.51,130.24,130.46,108953309
21/6/2021,130.3,132.41,129.21,132.3,79663316
22/6/2021,132.13,134.08,131.62,133.98,74783618
23/6/2021,133.77,134.32,133.23,133.7,60214200
24/6/2021,134.45,134.64,132.93,133.41,68710998
25/6/2021,133.46,133.89,132.81,133.11,70783746
28/6/2021,133.41,135.25,133.35,134.78,62111303
29/6/2021,134.8,136.49,134.35,136.33,64556081
30/6/2021,136.17,137.41,135.87,136.96,63261393
1/7/2021,136.6,137.33,135.76,137.27,52485781
2/7/2021,137.9,140,137.75,139.96,78945572
6/7/2021,140.07,143.15,140.07,142.02,108181793
7/7/2021,143.54,144.89,142.66,144.57,104911589
8/7/2021,141.58,144.06,140.67,143.24,105575458
9/7/2021,142.75,145.65,142.65,145.11,99890800
12/7/2021,146.21,146.32,144,144.5,76299719
13/7/2021,144.03,147.46,143.63,145.64,100827099
14/7/2021,148.1,149.57,147.68,149.15,127050785
15/7/2021,149.24,150,147.09,148.48,106820297
16/7/2021,148.46,149.76,145.88,146.39,93251426
19/7/2021,143.75,144.07,141.67,142.45,121434571
20/7/2021,143.46,147.1,142.96,146.15,96350036
21/7/2021,145.53,146.13,144.63,145.4,74993460
22/7/2021,145.94,148.2,145.81,146.8,77338156
23/7/2021,147.55,148.72,146.92,148.56,71447416
26/7/2021,148.27,149.83,147.7,148.99,72434089
27/7/2021,149.12,149.21,145.55,146.77,104818578
28/7/2021,144.81,146.97,142.54,144.98,118931191
29/7/2021,144.69,146.55,144.58,145.64,56699475
30/7/2021,144.38,146.33,144.11,145.86,70440626
2/8/2021,146.36,146.95,145.25,145.52,62879961
3/8/2021,145.81,148.04,145.18,147.36,64786618
4/8/2021,147.27,147.79,146.28,146.95,56368271
5/8/2021,146.98,147.84,146.17,147.06,46397674
6/8/2021,146.35,147.11,145.63,146.14,54126813
9/8/2021,146.2,146.7,145.52,146.09,48908689
10/8/2021,146.44,147.71,145.3,145.6,69023081
11/8/2021,146.05,146.72,145.53,145.86,48493463
12/8/2021,146.19,149.05,145.84,148.89,73779113
13/8/2021,148.97,149.44,148.27,149.1,59375009
16/8/2021,148.54,151.19,146.47,151.12,103558782
17/8/2021,150.23,151.68,149.09,150.19,92229735
18/8/2021,149.8,150.72,146.15,146.36,86325990
19/8/2021,145.03,148,144.5,146.7,86960310
20/8/2021,147.44,148.5,146.78,148.19,60549630
23/8/2021,148.31,150.19,147.89,149.71,60131810
24/8/2021,149.45,150.86,149.15,149.62,48606428
25/8/2021,149.81,150.32,147.8,148.36,58991297
26/8/2021,148.35,149.12,147.51,147.54,48597195
27/8/2021,147.48,148.75,146.83,148.6,55802388
30/8/2021,149,153.49,148.61,153.12,90956723
31/8/2021,152.66,152.8,151.29,151.83,86453117
1/9/2021,152.83,154.98,152.34,152.51,80313711
2/9/2021,153.87,154.72,152.4,153.65,71171317
3/9/2021,153.76,154.63,153.09,154.3,57866066
7/9/2021,154.97,157.26,154.39,156.69,82278261
8/9/2021,156.98,157.04,153.98,155.11,74420207
9/9/2021,155.49,156.11,153.95,154.07,57305730
10/9/2021,155,155.48,148.7,148.97,140893235
13/9/2021,150.63,151.42,148.75,149.55,102404329
14/9/2021,150.35,151.07,146.91,148.12,109296295
15/9/2021,148.56,149.44,146.37,149.03,83281315
16/9/2021,148.44,148.97,147.22,148.79,68034149
17/9/2021,148.82,148.82,145.76,146.06,129868824
20/9/2021,143.8,144.84,141.27,142.94,123478863
21/9/2021,143.93,144.6,142.78,143.43,75833962
22/9/2021,144.45,146.43,143.7,145.85,76404341
23/9/2021,146.65,147.08,145.64,146.83,64838170
24/9/2021,145.66,147.47,145.56,146.92,53477869
27/9/2021,145.47,145.96,143.82,145.37,74150729
28/9/2021,143.25,144.75,141.69,141.91,108972340
29/9/2021,142.47,144.45,142.03,142.83,74602044
30/9/2021,143.66,144.38,141.28,141.5,89056664
1/10/2021,141.9,142.92,139.11,142.65,94639581
4/10/2021,141.76,142.21,138.27,139.14,98322008
5/10/2021,139.49,142.24,139.36,141.11,80861062
6/10/2021,139.47,142.15,138.37,142,83221119
7/10/2021,143.06,144.22,142.72,143.29,61732656
8/10/2021,144.03,144.18,142.56,142.9,58773155
11/10/2021,142.27,144.81,141.81,142.81,64452219
12/10/2021,143.23,143.25,141.04,141.51,73035859
13/10/2021,141.24,141.4,139.2,140.91,78762721
14/10/2021,142.11,143.88,141.51,143.76,69907100
15/10/2021,143.77,144.9,143.51,144.84,67940334
18/10/2021,143.45,146.84,143.16,146.55,85589175
19/10/2021,147.01,149.17,146.55,148.76,76378894
20/10/2021,148.7,149.75,148.12,149.26,58418788
21/10/2021,148.81,149.64,147.87,149.48,61420990
22/10/2021,149.69,150.18,148.64,148.69,58883443
25/10/2021,148.68,149.37,147.62,148.64,50720556
26/10/2021,149.33,150.84,149.01,149.32,60893395
27/10/2021,149.36,149.73,148.49,148.85,56094929
28/10/2021,149.82,153.17,149.72,152.57,100077888
29/10/2021,147.22,149.94,146.41,149.8,124953168
1/11/2021,148.99,149.7,147.8,148.96,74588258
2/11/2021,148.66,151.57,148.65,150.02,69121987
3/11/2021,150.39,151.97,149.82,151.49,54511534
4/11/2021,151.58,152.43,150.64,150.96,60394616
5/11/2021,151.89,152.2,150.06,151.28,65463883
8/11/2021,151.41,151.57,150.16,150.44,55020868
9/11/2021,150.2,151.43,150.06,150.81,56787930
10/11/2021,150.02,150.13,147.85,147.92,65187092
11/11/2021,148.96,149.43,147.68,147.87,40999950
12/11/2021,148.43,150.4,147.48,149.99,63804008
15/11/2021,150.37,151.88,149.43,150,59222803
16/11/2021,149.94,151.49,149.34,151,59256210
17/11/2021,151,155,150.99,153.49,88807000
18/11/2021,153.71,158.67,153.05,157.87,137827673
19/11/2021,157.65,161.02,156.53,160.55,117305597
22/11/2021,161.68,165.7,161,161.02,117467889
23/11/2021,161.12,161.8,159.06,161.41,96041899
24/11/2021,160.75,162.14,159.64,161.94,69463623
26/11/2021,159.57,160.45,156.36,156.81,76959752
29/11/2021,159.37,161.19,158.79,160.24,88748217
30/11/2021,159.99,165.52,159.92,165.3,174048056
1/12/2021,167.48,170.3,164.53,164.77,152423003
2/12/2021,158.74,164.2,157.8,163.76,136739174
3/12/2021,164.02,164.96,159.72,161.84,118023116
6/12/2021,164.29,167.88,164.28,165.32,107496982
7/12/2021,169.08,171.58,168.34,171.18,120405352
8/12/2021,172.13,175.96,170.7,175.08,116998901
9/12/2021,174.91,176.75,173.92,174.56,108923739
10/12/2021,175.21,179.63,174.69,179.45,115402731
13/12/2021,181.12,182.13,175.53,175.74,153237019
14/12/2021,175.25,177.74,172.21,174.33,139380382
15/12/2021,175.11,179.5,172.31,179.3,131063257
16/12/2021,179.28,181.14,170.75,172.26,150185843
17/12/2021,169.93,173.47,169.69,171.14,195923441
20/12/2021,168.28,170.58,167.46,169.75,107499114
21/12/2021,171.56,173.2,169.12,172.99,91185905
22/12/2021,173.04,175.86,172.15,175.64,92135303
23/12/2021,175.85,176.85,175.27,176.28,68356567
27/12/2021,177.09,180.42,177.07,180.33,74919582
28/12/2021,180.16,181.33,178.53,179.29,79144339
29/12/2021,179.33,180.63,178.14,179.38,62348931
30/12/2021,179.47,180.57,178.09,178.2,59773014
31/12/2021,178.09,179.23,177.26,177.57,64062261
3/1/2022,177.83,182.88,177.71,182.01,104701220
4/1/2022,182.63,182.94,179.12,179.7,99310438
5/1/2022,179.61,180.17,174.64,174.92,94537602
6/1/2022,172.7,175.3,171.64,172,96903955
7/1/2022,172.89,174.14,171.03,172.17,86709147
10/1/2022,169.08,172.5,168.17,172.19,106765552
11/1/2022,172.32,175.18,170.82,175.08,76138312
12/1/2022,176.12,177.18,174.82,175.53,74805173
13/1/2022,175.78,176.62,171.79,172.19,84505760
14/1/2022,171.34,173.78,171.09,173.07,80440780
18/1/2022,171.51,172.54,169.41,169.8,91168729
19/1/2022,170,171.08,165.94,166.23,94814990
20/1/2022,166.98,169.68,164.18,164.51,91420515
21/1/2022,164.42,166.33,162.3,162.41,122848858
24/1/2022,160.02,162.3,154.7,161.62,162706686
25/1/2022,158.98,162.76,157.02,159.78,115798367
26/1/2022,163.5,164.39,157.82,159.69,108275308
27/1/2022,162.45,163.84,158.28,159.22,121954638
28/1/2022,165.71,170.35,162.8,170.33,179935660
31/1/2022,170.16,175,169.51,174.78,115541590
1/2/2022,174.01,174.84,172.31,174.61,86213911
2/2/2022,174.75,175.88,173.33,175.84,84914256
3/2/2022,174.48,176.24,172.12,172.9,89418074
4/2/2022,171.68,174.1,170.68,172.39,82465400
7/2/2022,172.86,173.95,170.95,171.66,77251204
8/2/2022,171.73,175.35,171.43,174.83,74829217
9/2/2022,176.05,176.65,174.9,176.28,71285038
10/2/2022,174.14,175.48,171.55,172.12,90865899
11/2/2022,172.33,173.08,168.04,168.64,98670687
14/2/2022,167.37,169.58,166.56,168.88,86185530
15/2/2022,170.97,172.95,170.25,172.79,64286320
16/2/2022,171.85,173.34,170.05,172.55,61177398
17/2/2022,171.03,171.91,168.47,168.88,69589344
18/2/2022,169.82,170.54,166.19,167.3,82772674
22/2/2022,164.98,166.69,162.15,164.32,91162758
23/2/2022,165.54,166.15,159.75,160.07,90009247
24/2/2022,152.58,162.85,152,162.74,141147540
25/2/2022,163.84,165.12,160.87,164.85,91974222
28/2/2022,163.06,165.42,162.43,165.12,95056629
1/3/2022,164.7,166.6,161.97,163.2,83474425
2/3/2022,164.39,167.36,162.95,166.56,79724750
3/3/2022,168.47,168.91,165.55,166.23,76678441
4/3/2022,164.49,165.55,162.1,163.17,83819592
7/3/2022,163.36,165.02,159.04,159.3,96418845
8/3/2022,158.82,162.88,155.8,157.44,131148280
9/3/2022,161.48,163.41,159.41,162.95,91454905
10/3/2022,160.2,160.39,155.98,158.52,105342033
11/3/2022,158.93,159.28,154.5,154.73,96970102
14/3/2022,151.45,154.12,150.1,150.62,108732111
15/3/2022,150.9,155.57,150.38,155.09,92964302
16/3/2022,157.05,160,154.46,159.59,102300157
17/3/2022,158.61,161,157.63,160.62,75615376
18/3/2022,160.51,164.48,159.76,163.98,123511692
21/3/2022,163.51,166.35,163.01,165.38,95811352
22/3/2022,165.51,169.42,164.91,168.82,81532007
23/3/2022,167.99,172.64,167.65,170.21,98062674
24/3/2022,171.06,174.14,170.21,174.07,90131418
25/3/2022,173.88,175.28,172.75,174.72,80546156
28/3/2022,172.17,175.73,172,175.6,90371916
29/3/2022,176.69,179.01,176.34,178.96,100589440
30/3/2022,178.55,179.61,176.7,177.77,92633154
31/3/2022,177.84,178.03,174.4,174.61,103049285
1/4/2022,174.03,174.88,171.94,174.31,78751328
4/4/2022,174.57,178.49,174.44,178.44,76545983
5/4/2022,177.5,178.3,174.42,175.06,73401786
6/4/2022,172.36,173.63,170.13,171.83,89058782
7/4/2022,171.16,173.36,169.85,172.14,77594650
8/4/2022,171.78,171.78,169.2,170.09,76575508
11/4/2022,168.71,169.03,165.5,165.75,72246706
12/4/2022,168.02,169.87,166.64,167.66,79265181
13/4/2022,167.39,171.04,166.77,170.4,70618925
14/4/2022,170.62,171.27,165.04,165.29,75329376
18/4/2022,163.92,166.6,163.57,165.07,69023941
19/4/2022,165.02,167.82,163.91,167.4,67723833
20/4/2022,168.76,168.88,166.1,167.23,67929814
21/4/2022,168.91,171.53,165.91,166.42,87227768
22/4/2022,166.46,167.87,161.5,161.79,84882424
25/4/2022,161.12,163.17,158.46,162.88,96046376
26/4/2022,162.25,162.34,156.72,156.8,95623240
27/4/2022,155.91,159.79,155.38,156.57,88063191
28/4/2022,159.25,164.52,158.93,163.64,130216792
29/4/2022,161.84,166.2,157.25,157.65,131747571
2/5/2022,156.71,158.23,153.27,157.96,123055265
3/5/2022,158.15,160.71,156.32,159.48,88966526
4/5/2022,159.67,166.48,159.26,166.02,108256503
5/5/2022,163.85,164.08,154.95,156.77,130525275
6/5/2022,156.01,159.44,154.18,157.28,116124647
9/5/2022,154.93,155.83,151.49,152.06,131577921
10/5/2022,155.52,156.74,152.93,154.51,115366736
11/5/2022,153.5,155.45,145.81,146.5,142689825
12/5/2022,142.77,146.2,138.8,142.56,182602041
13/5/2022,144.59,148.1,143.11,147.11,113990852
16/5/2022,145.55,147.52,144.18,145.54,86643781
17/5/2022,148.86,149.77,146.68,149.24,78336254
18/5/2022,146.85,147.36,139.9,140.82,109742890
19/5/2022,139.88,141.66,136.6,137.35,136095640
20/5/2022,139.09,140.7,132.61,137.59,137426125
23/5/2022,137.79,143.26,137.65,143.11,117726265
24/5/2022,140.81,141.97,137.33,140.36,104132746
25/5/2022,138.43,141.79,138.34,140.52,92482696
26/5/2022,137.39,144.34,137.14,143.78,90601548
27/5/2022,145.39,149.68,145.26,149.64,90978503
31/5/2022,149.07,150.66,146.84,148.84,103718416
1/6/2022,149.9,151.74,147.68,148.71,74286635
2/6/2022,147.83,151.27,146.86,151.21,72348055
3/6/2022,146.9,147.97,144.46,145.38,88570289
6/6/2022,147.03,148.57,144.9,146.14,71598380
7/6/2022,144.35,149,144.1,148.71,67808150
8/6/2022,148.58,149.87,147.46,147.96,53950201
9/6/2022,147.08,147.95,142.53,142.64,69472976
10/6/2022,140.28,140.76,137.06,137.13,91566637
13/6/2022,132.87,135.2,131.44,131.88,122207099
14/6/2022,133.13,133.89,131.48,132.76,84784326
15/6/2022,134.29,137.34,132.16,135.43,91532972
16/6/2022,132.08,132.39,129.04,130.06,107961508
17/6/2022,130.07,133.08,129.81,131.56,134520290
21/6/2022,133.42,137.06,133.32,135.87,81000488
22/6/2022,134.79,137.76,133.91,135.35,73409234
23/6/2022,136.82,138.59,135.63,138.27,72433768
24/6/2022,139.9,141.91,139.77,141.66,89116837
27/6/2022,142.7,143.49,140.97,141.66,70207908
28/6/2022,142.13,143.42,137.32,137.44,67315328
29/6/2022,137.46,140.67,136.67,139.23,66242411
30/6/2022,137.25,138.37,133.77,136.72,98964467
1/7/2022,136.04,139.04,135.66,138.93,71051552
5/7/2022,137.77,141.61,136.93,141.56,73429641
6/7/2022,141.35,144.12,141.08,142.92,74064254
7/7/2022,143.29,146.55,143.28,146.35,66253709
8/7/2022,145.26,147.55,145,147.04,64547798
11/7/2022,145.67,146.64,143.78,144.87,63305113
12/7/2022,145.76,148.45,145.05,145.86,77588759
13/7/2022,142.99,146.45,142.12,145.49,71185560
14/7/2022,144.08,148.95,143.25,148.47,78140744
15/7/2022,149.78,150.86,148.2,150.17,76259931
18/7/2022,150.74,151.57,146.7,147.07,81420868
19/7/2022,147.92,151.23,146.91,151,82982367
20/7/2022,151.12,153.72,150.37,153.04,64823413
21/7/2022,154.5,155.57,151.94,155.35,65086636
22/7/2022,155.39,156.28,153.41,154.09,66675408
25/7/2022,154.01,155.04,152.28,152.95,53623945
26/7/2022,152.26,153.09,150.8,151.6,55138691
27/7/2022,152.58,157.33,152.16,156.79,78620688
28/7/2022,156.98,157.64,154.41,157.35,81378731
29/7/2022,161.24,163.63,159.5,162.51,101786860
1/8/2022,161.01,163.59,160.89,161.51,67829379
2/8/2022,160.1,162.41,159.63,160.01,59907025
3/8/2022,160.84,166.59,160.75,166.13,82507488
4/8/2022,166.01,167.19,164.43,165.81,55474144
5/8/2022,163.21,165.85,163,165.35,56696985
8/8/2022,166.37,167.81,164.2,164.87,60362338
9/8/2022,164.02,165.82,163.25,164.92,63135503
10/8/2022,167.68,169.34,166.9,169.24,70170540
11/8/2022,170.06,170.99,168.19,168.49,57149159
12/8/2022,169.82,172.17,169.4,172.1,68039382
15/8/2022,171.52,173.39,171.35,173.19,54091694
16/8/2022,172.78,173.71,171.66,173.03,56377050
17/8/2022,172.77,176.15,172.57,174.55,79542037
18/8/2022,173.75,174.9,173.12,174.15,62290075
19/8/2022,173.03,173.74,171.31,171.52,70346295
22/8/2022,169.69,169.86,167.14,167.57,69026809
23/8/2022,167.08,168.71,166.65,167.23,54147079
24/8/2022,167.32,168.11,166.25,167.53,53841524
25/8/2022,168.78,170.14,168.35,170.03,51218209
26/8/2022,170.57,171.05,163.56,163.62,78960980
29/8/2022,161.15,162.9,159.82,161.38,73313953
30/8/2022,162.13,162.56,157.72,158.91,77906197
31/8/2022,160.31,160.58,157.14,157.22,87991091
1/9/2022,156.64,158.42,154.67,157.96,74229896
2/9/2022,159.75,160.36,154.97,155.81,76957768
6/9/2022,156.47,157.09,153.69,154.53,73714843
7/9/2022,154.82,156.67,153.61,155.96,87449574
8/9/2022,154.64,156.36,152.68,154.46,84923847
9/9/2022,155.47,157.82,154.75,157.37,68081006
12/9/2022,159.59,164.26,159.3,163.43,104955962
13/9/2022,159.9,160.54,153.37,153.84,122656614
14/9/2022,154.79,157.1,153.61,155.31,87965409
15/9/2022,154.65,155.24,151.38,152.37,90481110
16/9/2022,151.21,151.35,148.37,150.7,162278841
19/9/2022,149.31,154.56,149.1,154.48,81474246
20/9/2022,153.4,158.08,153.08,156.9,107689796
21/9/2022,157.34,158.74,153.6,153.72,101696790
22/9/2022,152.38,154.47,150.91,152.74,86652542
23/9/2022,151.19,151.47,148.56,150.43,96029909
26/9/2022,149.66,153.77,149.64,150.77,93339409
27/9/2022,152.74,154.72,149.95,151.76,84442741
28/9/2022,147.64,150.64,144.84,149.84,146691387
29/9/2022,146.1,146.72,140.68,142.48,128138237
30/9/2022,141.28,143.1,138,138.2,124925274
3/10/2022,138.21,143.07,137.69,142.45,114311663
4/10/2022,145.03,146.22,144.26,146.1,87830064
5/10/2022,144.07,147.38,143.01,146.4,79470968
6/10/2022,145.81,147.54,145.22,145.43,68402169
7/10/2022,142.54,143.1,139.45,140.09,85925559
10/10/2022,140.42,141.89,138.57,140.42,74899002
11/10/2022,139.9,141.35,138.22,138.98,77033672
12/10/2022,139.13,140.36,138.16,138.34,70433744
13/10/2022,134.99,143.59,134.37,142.99,113223975
14/10/2022,144.31,144.52,138.19,138.38,88597969
17/10/2022,141.07,142.9,140.27,142.41,85250939
18/10/2022,145.49,146.7,140.61,143.75,99136610
19/10/2022,141.69,144.95,141.5,143.86,61758340
20/10/2022,143.02,145.89,142.65,143.39,64521989
21/10/2022,142.87,147.85,142.65,147.27,86548609
24/10/2022,147.19,150.23,146,149.45,75981918
25/10/2022,150.09,152.49,149.36,152.34,74732290
26/10/2022,150.96,151.99,148.04,149.35,88436172
27/10/2022,148.07,149.05,144.13,144.8,109180150
28/10/2022,148.2,157.5,147.82,155.74,164762371
31/10/2022,153.16,154.24,151.92,153.34,97943171
1/11/2022,155.08,155.45,149.13,150.65,80379345
2/11/2022,148.95,152.17,145,145.03,93604623
3/11/2022,142.06,142.8,138.75,138.88,97918516
4/11/2022,142.09,142.67,134.38,138.38,140814796
7/11/2022,137.11,139.15,135.67,138.92,83374628
8/11/2022,140.41,141.43,137.49,139.5,89908477
9/11/2022,138.5,138.55,134.59,134.87,74917794
10/11/2022,141.24,146.87,139.5,146.87,118854028
11/11/2022,145.82,150.01,144.37,149.7,93979665
14/11/2022,148.97,150.28,147.43,148.28,73374114
15/11/2022,152.22,153.59,148.56,150.04,89868332
16/11/2022,149.13,149.87,147.29,148.79,64218266
17/11/2022,146.43,151.48,146.15,150.72,80389400
18/11/2022,152.31,152.7,149.97,151.29,74829573
21/11/2022,150.16,150.37,147.72,148.01,58724070
22/11/2022,148.13,150.42,146.93,150.18,51804132
23/11/2022,149.45,151.83,149.34,151.07,58301395
25/11/2022,148.31,148.88,147.12,148.11,35195860
28/11/2022,145.14,146.64,143.38,144.22,69346522
29/11/2022,144.29,144.81,140.35,141.17,83763803
30/11/2022,141.4,148.72,140.55,148.03,111380880
1/12/2022,148.21,149.13,146.61,148.31,71250416
2/12/2022,145.96,148,145.65,147.81,65447446
5/12/2022,147.77,150.92,145.77,146.63,68826442
6/12/2022,147.07,147.3,141.92,142.91,64727186
7/12/2022,142.19,143.37,140,140.94,69721094
8/12/2022,142.36,143.52,141.1,142.65,62128338
9/12/2022,142.34,145.57,140.9,142.16,76097011
12/12/2022,142.7,144.5,141.06,144.49,70462654
13/12/2022,149.5,149.97,144.24,145.47,93886161
14/12/2022,145.35,146.66,141.16,143.21,82291182
15/12/2022,141.11,141.8,136.03,136.5,98931907
16/12/2022,136.69,137.65,133.73,134.51,160156900
19/12/2022,135.11,135.2,131.32,132.37,79592614
20/12/2022,131.39,133.25,129.89,132.3,77432819
21/12/2022,132.98,136.81,132.75,135.45,85927993
22/12/2022,134.35,134.56,130.3,132.23,77852108
23/12/2022,130.92,132.42,129.64,131.86,63814893
27/12/2022,131.38,131.41,128.72,130.03,69007830
28/12/2022,129.67,131.03,125.87,126.04,85438391
29/12/2022,127.99,130.48,127.73,129.61,75703710
30/12/2022,128.41,129.95,127.43,129.93,77034209
3/1/2023,130.28,130.9,124.17,125.07,112117471
4/1/2023,126.89,128.66,125.08,126.36,89113633
5/1/2023,127.13,127.77,124.76,125.02,80962708
6/1/2023,126.01,130.29,124.89,129.62,87754715
9/1/2023,130.47,133.41,129.89,130.15,70790813
10/1/2023,130.26,131.26,128.12,130.73,63896155
11/1/2023,131.25,133.51,130.46,133.49,69458949
12/1/2023,133.88,134.26,131.44,133.41,71379648
13/1/2023,132.03,134.92,131.66,134.76,57809719
17/1/2023,134.83,137.29,134.13,135.94,63646627
18/1/2023,136.82,138.61,135.03,135.21,69672800
19/1/2023,134.08,136.25,133.77,135.27,58280413
20/1/2023,135.28,138.02,134.22,137.87,80223626
23/1/2023,138.12,143.32,137.9,141.11,81760313
24/1/2023,140.31,143.16,140.3,142.53,66435142
25/1/2023,140.89,142.43,138.81,141.86,65799349
26/1/2023,143.17,144.25,141.9,143.96,54105068
27/1/2023,143.16,147.23,143.08,145.93,70555843
30/1/2023,144.96,145.55,142.85,143,64015274
31/1/2023,142.7,144.34,142.28,144.29,65874459
1/2/2023,143.97,146.61,141.32,145.43,77663633
2/2/2023,148.9,151.18,148.17,150.82,118338980
3/2/2023,148.03,157.38,147.83,154.5,154357337
6/2/2023,152.57,153.1,150.78,151.73,69858306
7/2/2023,150.64,155.23,150.64,154.65,83322551
8/2/2023,153.88,154.58,151.17,151.92,64120079
9/2/2023,153.78,154.33,150.42,150.87,56007143
10/2/2023,149.46,151.34,149.22,151.01,57450708
13/2/2023,150.95,154.26,150.92,153.85,62199013
14/2/2023,152.12,153.77,150.86,153.2,61707573
15/2/2023,153.11,155.5,152.88,155.33,65669252
16/2/2023,153.51,156.33,153.35,153.71,68167942
17/2/2023,152.35,153,150.85,152.55,59144118
21/2/2023,150.2,151.3,148.41,148.48,58867230
22/2/2023,148.87,149.95,147.16,148.91,51011305
23/2/2023,150.09,150.34,147.24,149.4,48394249
24/2/2023,147.11,147.19,145.72,146.71,55469606
27/2/2023,147.71,149.17,147.45,147.92,44998470
28/2/2023,147.05,149.08,146.83,147.41,50546998
1/3/2023,146.83,147.23,145.01,145.31,55478991
2/3/2023,144.38,146.71,143.9,145.91,52279761
3/3/2023,148.04,151.11,147.33,151.03,70732297
6/3/2023,153.79,156.3,153.46,153.83,87558028
7/3/2023,153.7,154.03,151.13,151.6,56182028
8/3/2023,152.81,153.47,151.83,152.87,47204791
9/3/2023,153.56,154.54,150.23,150.59,53833582
10/3/2023,150.21,150.94,147.61,148.5,68572400
13/3/2023,147.81,153.14,147.7,150.47,84457122
14/3/2023,151.28,153.4,150.1,152.59,73695893
15/3/2023,151.19,153.25,149.92,152.99,77167866
16/3/2023,152.16,156.46,151.64,155.85,76254419
17/3/2023,156.08,156.74,154.28,155,98944633
20/3/2023,155.07,157.82,154.15,157.4,73641415
21/3/2023,157.32,159.4,156.54,159.28,73938285
22/3/2023,159.3,162.14,157.81,157.83,75701811
23/3/2023,158.83,161.55,157.68,158.93,67622060
24/3/2023,158.86,160.34,157.85,160.25,59256343
27/3/2023,159.94,160.77,157.87,158.28,52390266
28/3/2023,157.97,158.49,155.98,157.65,45992152
29/3/2023,159.37,161.05,159.35,160.77,51305691
30/3/2023,161.53,162.47,161.27,162.36,49501689
31/3/2023,162.44,165,161.91,164.9,68749792
3/4/2023,164.27,166.29,164.22,166.17,56976187
4/4/2023,166.6,166.84,165.11,165.63,46278295
5/4/2023,164.74,165.05,161.8,163.76,51511744
6/4/2023,162.43,164.96,162,164.66,45390123
10/4/2023,161.42,162.03,160.08,162.03,47716882
11/4/2023,162.35,162.36,160.51,160.8,47644217
12/4/2023,161.22,162.06,159.78,160.1,50133062
13/4/2023,161.63,165.8,161.42,165.56,68445649
14/4/2023,164.59,166.32,163.82,165.21,49386480
17/4/2023,165.09,165.39,164.03,165.23,41516217
18/4/2023,166.1,167.41,165.65,166.47,49923008
19/4/2023,165.8,168.16,165.54,167.63,47720166
20/4/2023,166.09,167.87,165.56,166.65,52456377
21/4/2023,165.05,166.45,164.49,165.02,58337341
24/4/2023,165,165.6,163.89,165.33,41949581
25/4/2023,165.19,166.31,163.73,163.77,48714063
26/4/2023,163.06,165.28,162.8,163.76,45498796
27/4/2023,165.19,168.56,165.19,168.41,64902329
28/4/2023,168.49,169.85,167.88,169.68,55275851
1/5/2023,169.28,170.45,168.64,169.59,52472936
2/5/2023,170.09,170.35,167.54,168.54,48425696
3/5/2023,169.5,170.92,167.16,167.45,65136018
4/5/2023,164.89,167.04,164.31,165.79,81235427
5/5/2023,170.98,174.3,170.76,173.57,113453171
8/5/2023,172.48,173.85,172.11,173.5,55962793
9/5/2023,173.05,173.54,171.6,171.77,45326874
10/5/2023,173.02,174.03,171.9,173.56,53724501
11/5/2023,173.85,174.59,172.17,173.75,49514676
12/5/2023,173.62,174.06,171,172.57,45533138
15/5/2023,173.16,173.21,171.47,172.07,37266659
16/5/2023,171.99,173.14,171.8,172.07,42110293
17/5/2023,171.71,172.93,170.42,172.69,57951604
18/5/2023,173,175.24,172.58,175.05,65496657
19/5/2023,176.39,176.39,174.94,175.16,55809475
22/5/2023,173.98,174.71,173.45,174.2,43570932
23/5/2023,173.13,173.38,171.28,171.56,50747263
24/5/2023,171.09,172.42,170.52,171.84,45143488
25/5/2023,172.41,173.9,171.69,172.99,56058258
26/5/2023,173.32,175.77,173.11,175.43,54834975
30/5/2023,176.96,178.99,176.57,177.3,55964401
31/5/2023,177.33,179.35,176.76,177.25,99625288
1/6/2023,177.7,180.12,176.93,180.09,68901809
2/6/2023,181.03,181.78,179.26,180.95,61996913
5/6/2023,182.63,184.95,178.04,179.58,121946497
6/6/2023,179.97,180.12,177.43,179.21,64848374
7/6/2023,178.44,181.21,177.32,177.82,61944615
8/6/2023,177.9,180.84,177.46,180.57,50214881
9/6/2023,181.5,182.23,180.63,180.96,48899973
12/6/2023,181.27,183.89,180.97,183.79,54754995
13/6/2023,182.8,184.15,182.44,183.31,54929129
14/6/2023,183.37,184.39,182.02,183.95,57462882
15/6/2023,183.96,186.52,183.78,186.01,65433166
16/6/2023,186.73,186.99,184.27,184.92,101256225
20/6/2023,184.41,186.1,184.41,185.01,49799092
21/6/2023,184.9,185.41,182.59,183.96,49515697
22/6/2023,183.74,187.05,183.67,187,51245327
23/6/2023,185.55,187.56,185.01,186.68,53116996
26/6/2023,186.83,188.05,185.23,185.27,48088661
27/6/2023,185.89,188.39,185.67,188.06,50730846
28/6/2023,187.93,189.9,187.6,189.25,51216801
29/6/2023,189.08,190.07,188.94,189.59,46347308
30/6/2023,191.63,194.48,191.26,193.97,85213216
3/7/2023,193.78,193.88,191.76,192.46,31458198
5/7/2023,191.57,192.98,190.62,191.33,46920261
6/7/2023,189.84,192.02,189.2,191.81,45156009
7/7/2023,191.41,192.67,190.24,190.68,46814998
10/7/2023,189.26,189.99,187.04,188.61,59922163
11/7/2023,189.16,189.3,186.6,188.08,46638119
12/7/2023,189.68,191.7,188.47,189.77,60750248
13/7/2023,190.5,191.19,189.78,190.54,41342338
14/7/2023,190.23,191.18,189.63,190.69,41616242
17/7/2023,191.9,194.32,191.81,193.99,50520159
18/7/2023,193.35,194.33,192.42,193.73,48353774
19/7/2023,193.1,198.23,192.65,195.1,80507323
20/7/2023,195.09,196.47,192.5,193.13,59581196
21/7/2023,194.1,194.97,191.23,191.94,71951683
24/7/2023,193.41,194.91,192.25,192.75,45505097
25/7/2023,193.33,194.44,192.92,193.62,37283201
26/7/2023,193.67,195.64,193.32,194.5,47471868
27/7/2023,196.02,197.2,192.55,193.22,47460180
28/7/2023,194.67,196.63,194.14,195.83,48291443
31/7/2023,196.06,196.49,195.26,196.45,38824113
1/8/2023,196.24,196.73,195.28,195.61,35281426
2/8/2023,195.04,195.18,191.85,192.58,50389327
3/8/2023,191.57,192.37,190.69,191.17,62243282
4/8/2023,185.52,187.38,181.92,181.99,115956841
7/8/2023,182.13,183.13,177.35,178.85,97576069
8/8/2023,179.69,180.27,177.58,179.8,67823003
9/8/2023,180.87,180.93,177.01,178.19,60378492
10/8/2023,179.48,180.75,177.6,177.97,54686851
11/8/2023,177.32,178.62,176.55,177.79,52036672
14/8/2023,177.97,179.69,177.31,179.46,43675627
15/8/2023,178.88,179.48,177.05,177.45,43622593
16/8/2023,177.13,178.54,176.5,176.57,46964857
17/8/2023,177.14,177.51,173.48,174,66062882
18/8/2023,172.3,175.1,171.96,174.49,61172150
21/8/2023,175.07,176.13,173.74,175.84,46311879
22/8/2023,177.06,177.68,176.25,177.23,42084245
23/8/2023,178.52,181.55,178.33,181.12,52722752
24/8/2023,180.67,181.1,176.01,176.38,54945798
25/8/2023,177.38,179.15,175.82,178.61,51449594
28/8/2023,180.09,180.59,178.55,180.19,43820697
29/8/2023,179.7,184.9,179.5,184.12,53003948
30/8/2023,184.94,187.85,184.74,187.65,60813888
31/8/2023,187.84,189.12,187.48,187.87,60794467
1/9/2023,189.49,189.92,188.28,189.46,45766503
5/9/2023,188.28,189.98,187.61,189.7,45280027
6/9/2023,188.4,188.85,181.47,182.91,81755816
7/9/2023,175.18,178.21,173.54,177.56,112488803
8/9/2023,178.35,180.24,177.79,178.18,65602066
11/9/2023,180.07,180.3,177.34,179.36,58953052
12/9/2023,179.49,180.13,174.82,176.3,90370192
13/9/2023,176.51,177.3,173.98,174.21,84267928
14/9/2023,174,176.1,173.58,175.74,60895757
15/9/2023,176.48,176.5,173.82,175.01,109259461
18/9/2023,176.48,179.38,176.17,177.97,67257573
19/9/2023,177.52,179.63,177.13,179.07,51826941
20/9/2023,179.26,179.7,175.4,175.49,58436181
21/9/2023,174.55,176.3,173.86,173.93,63149116
22/9/2023,174.67,177.08,174.05,174.79,56725385
25/9/2023,174.2,176.97,174.15,176.08,46172740
26/9/2023,174.82,175.2,171.66,171.96,64588945
27/9/2023,172.62,173.04,169.05,170.43,66921808
28/9/2023,169.34,172.03,167.62,170.69,56294419
29/9/2023,172.02,173.07,170.34,171.21,51861083
2/10/2023,171.22,174.3,170.93,173.75,52164535
3/10/2023,172.26,173.63,170.82,172.4,49594613
4/10/2023,171.09,174.21,170.97,173.66,53020286
5/10/2023,173.79,175.45,172.68,174.91,48527918
6/10/2023,173.8,177.99,173.18,177.49,57266675
9/10/2023,176.81,179.05,175.8,178.99,42390772
10/10/2023,178.1,179.72,177.95,178.39,43698019
11/10/2023,178.2,179.85,177.6,179.8,47551098
12/10/2023,180.07,182.34,179.04,180.71,56743119
13/10/2023,181.42,181.93,178.14,178.85,51456082
16/10/2023,176.75,179.08,176.51,178.72,52516984
17/10/2023,176.65,178.42,174.8,177.15,57549350
18/10/2023,175.58,177.58,175.11,175.84,54764375
19/10/2023,176.04,177.84,175.19,175.46,59302863
20/10/2023,175.31,175.42,172.64,172.88,64244028
23/10/2023,170.91,174.01,169.93,173,55980109
24/10/2023,173.05,173.67,171.45,173.44,43816644
25/10/2023,171.88,173.06,170.65,171.1,57156962
26/10/2023,170.37,171.38,165.67,166.89,70625258
27/10/2023,166.91,168.96,166.83,168.22,58499129
30/10/2023,169.02,171.17,168.87,170.29,51130955
31/10/2023,169.35,170.9,167.9,170.77,44846017
1/11/2023,171,174.23,170.12,173.97,56934906
2/11/2023,175.52,177.78,175.46,177.57,77334752
3/11/2023,174.24,176.82,173.35,176.65,79829246
6/11/2023,176.38,179.43,176.21,179.23,63841310
7/11/2023,179.18,182.44,178.97,181.82,70529966
8/11/2023,182.35,183.45,181.59,182.89,49340282
9/11/2023,182.96,184.12,181.81,182.41,53763540
10/11/2023,183.97,186.57,183.53,186.4,66177922
13/11/2023,185.82,186.03,184.21,184.8,43627519
14/11/2023,187.7,188.11,186.3,187.44,60108378
15/11/2023,187.85,189.5,187.78,188.01,53790499
16/11/2023,189.57,190.96,188.65,189.71,54412915
17/11/2023,190.25,190.38,188.57,189.69,50941404
20/11/2023,189.89,191.91,189.88,191.45,46538614
21/11/2023,191.41,191.52,189.74,190.64,38134485
22/11/2023,191.49,192.93,190.83,191.31,39630011
24/11/2023,190.87,190.9,189.25,189.97,24048344
27/11/2023,189.92,190.67,188.9,189.79,40552609
28/11/2023,189.78,191.08,189.4,190.4,38415419
29/11/2023,190.9,192.09,188.97,189.37,43014224
30/11/2023,189.84,190.32,188.19,189.95,48794366
1/12/2023,190.33,191.56,189.23,191.24,45704823
4/12/2023,189.98,190.05,187.45,189.43,43389519
5/12/2023,190.21,194.4,190.18,193.42,66628398
6/12/2023,194.45,194.76,192.11,192.32,41089737
7/12/2023,193.63,195,193.59,194.27,47477655
8/12/2023,194.2,195.99,193.67,195.71,53406358
11/12/2023,193.11,193.49,191.42,193.18,60943699
12/12/2023,193.08,194.72,191.72,194.71,52696900
13/12/2023,195.09,198,194.85,197.96,70404183
14/12/2023,198.02,199.62,196.16,198.11,66831572
15/12/2023,197.53,198.4,197,197.57,128538401
18/12/2023,196.09,196.63,194.39,195.89,55751861
19/12/2023,196.16,196.95,195.89,196.94,40714051
20/12/2023,196.9,197.68,194.83,194.83,52242815
21/12/2023,196.1,197.08,193.5,194.68,46482549
22/12/2023,195.18,195.41,192.97,193.6,37149570
26/12/2023,193.61,193.89,192.83,193.05,28919310
27/12/2023,192.49,193.5,191.09,193.15,48087681
28/12/2023,194.14,194.66,193.17,193.58,34049898
29/12/2023,193.9,194.4,191.73,192.53,42672148
2/1/2024,187.15,188.44,183.89,185.64,82488674
3/1/2024,184.22,185.88,183.43,184.25,58414460
4/1/2024,182.15,183.09,180.88,181.91,71983570
5/1/2024,181.99,182.76,180.17,181.18,62379661
8/1/2024,182.09,185.6,181.5,185.56,59144470
9/1/2024,183.92,185.15,182.73,185.14,42841809
10/1/2024,184.35,186.4,183.92,186.19,46792908
11/1/2024,186.54,187.05,183.62,185.59,49128408
12/1/2024,186.06,186.74,185.19,185.92,40477782
16/1/2024,182.16,184.26,180.93,183.63,65603041
17/1/2024,181.27,182.93,180.3,182.68,47317433
18/1/2024,186.09,189.14,185.83,188.63,78005754
19/1/2024,189.33,191.95,188.82,191.56,68902985
22/1/2024,192.3,195.33,192.26,193.89,60133852
23/1/2024,195.02,195.75,193.83,195.18,42355590
24/1/2024,195.42,196.38,194.34,194.5,53631316
25/1/2024,195.22,196.27,193.11,194.17,54822126
26/1/2024,194.27,194.76,191.94,192.42,44594011
29/1/2024,192.01,192.2,189.58,191.73,47145622
30/1/2024,190.94,191.8,187.47,188.04,55859370
31/1/2024,187.04,187.1,184.35,184.4,55467803
1/2/2024,183.99,186.95,183.82,186.86,64885408
2/2/2024,179.86,187.33,179.25,185.85,102551680
5/2/2024,188.15,189.25,185.84,187.68,69668820
6/2/2024,186.86,189.31,186.77,189.3,43490759
7/2/2024,190.64,191.05,188.61,189.41,53438955
8/2/2024,189.39,189.54,187.35,188.32,40962046
9/2/2024,188.65,189.99,188,188.85,45155216
12/2/2024,188.42,188.67,186.79,187.15,41781934
13/2/2024,185.77,186.21,183.51,185.04,56529529
14/2/2024,185.32,185.53,182.44,184.15,54630517
15/2/2024,183.55,184.49,181.35,183.86,65434496
16/2/2024,183.42,184.85,181.67,182.31,49752465
20/2/2024,181.79,182.43,180,181.56,53665553
21/2/2024,181.94,182.89,180.66,182.32,41529674
22/2/2024,183.48,184.96,182.46,184.37,52292208
23/2/2024,185.01,185.04,182.23,182.52,45119677
26/2/2024,182.24,182.76,180.65,181.16,40867421
27/2/2024,181.1,183.92,179.56,182.63,54318851
28/2/2024,182.51,183.12,180.13,181.42,48953939
29/2/2024,181.27,182.57,179.53,180.75,136682597
1/3/2024,179.55,180.53,177.38,179.66,73563082
4/3/2024,176.15,176.9,173.79,175.1,81510101
5/3/2024,170.76,172.04,169.62,170.12,95132355
6/3/2024,171.06,171.24,168.68,169.12,68587707
7/3/2024,169.15,170.73,168.49,169,71765061
8/3/2024,169,173.7,168.94,170.73,76267041
11/3/2024,172.94,174.38,172.05,172.75,60139473
12/3/2024,173.15,174.03,171.01,173.23,59825372
13/3/2024,172.77,173.19,170.76,171.13,52488692
14/3/2024,172.91,174.31,172.05,173,72913507
15/3/2024,171.17,172.62,170.29,172.62,121752699
18/3/2024,175.57,177.71,173.52,173.72,75604184
19/3/2024,174.34,176.61,173.03,176.08,55215244
20/3/2024,175.72,178.67,175.09,178.67,53423102
21/3/2024,177.05,177.49,170.84,171.37,106181270
22/3/2024,171.76,173.05,170.06,172.28,71160138
25/3/2024,170.57,171.94,169.45,170.85,54288328
26/3/2024,170,171.42,169.58,169.71,57388449
27/3/2024,170.41,173.6,170.11,173.31,60273265
28/3/2024,171.75,172.23,170.51,171.48,65672690
1/4/2024,171.19,171.25,169.48,170.03,46240500
2/4/2024,169.08,169.34,168.23,168.84,49329481
3/4/2024,168.79,170.68,168.58,169.65,47691715
4/4/2024,170.29,171.92,168.82,168.82,53704386
5/4/2024,169.59,170.39,168.95,169.58,42104826
8/4/2024,169.03,169.2,168.24,168.45,37425513
9/4/2024,168.7,170.08,168.35,169.67,42451209
10/4/2024,168.8,169.09,167.11,167.78,49709336
11/4/2024,168.34,175.46,168.16,175.04,91070275
12/4/2024,174.26,178.36,174.21,176.55,101670886
15/4/2024,175.36,176.63,172.5,172.69,73531773
16/4/2024,171.75,173.76,168.27,169.38,73711235
17/4/2024,169.61,170.65,168,168,50901210
18/4/2024,168.03,168.64,166.55,167.04,43122903
19/4/2024,166.21,166.4,164.08,165,68149377
22/4/2024,165.52,167.26,164.77,165.84,48116443
23/4/2024,165.35,167.05,164.92,166.9,49537761
24/4/2024,166.54,169.3,166.21,169.02,48251835
25/4/2024,169.53,170.61,168.15,169.89,50558329
26/4/2024,169.88,171.34,169.18,169.3,44838354
29/4/2024,173.37,176.03,173.1,173.5,68169419
30/4/2024,173.33,174.99,170,170.33,65934776
1/5/2024,169.58,172.71,169.11,169.3,50383147
2/5/2024,172.51,173.42,170.89,173.03,94214915
3/5/2024,186.65,187,182.66,183.38,163224109
6/5/2024,182.35,184.2,180.42,181.71,78569667
7/5/2024,183.45,184.9,181.32,182.4,77305771
8/5/2024,182.85,183.07,181.45,182.74,45057087
9/5/2024,182.56,184.66,182.11,184.57,48982972
10/5/2024,184.9,185.09,182.13,183.05,50759496
13/5/2024,185.44,187.1,184.62,186.28,72044809
14/5/2024,187.51,188.3,186.29,187.43,52393619
15/5/2024,187.91,190.65,187.37,189.72,70399988
16/5/2024,190.47,191.1,189.66,189.84,52845230
17/5/2024,189.51,190.81,189.18,189.87,41282925
20/5/2024,189.35,191.92,189.01,191.04,44361275
21/5/2024,191.09,192.73,190.92,192.35,42309401
22/5/2024,192.27,192.82,190.27,190.9,34648547
23/5/2024,190.98,191,186.63,186.88,51005924
24/5/2024,188.82,190.58,188.04,189.98,36326975
28/5/2024,191.51,193,189.1,189.99,52280051
29/5/2024,189.61,192.25,189.51,190.29,53068016
30/5/2024,190.76,192.18,190.63,191.29,49947941
31/5/2024,191.44,192.57,189.91,192.25,75158277
3/6/2024,192.9,194.99,192.52,194.03,50080539
4/6/2024,194.64,195.32,193.03,194.35,47471445
5/6/2024,195.4,196.9,194.87,195.87,54156785
6/6/2024,195.69,196.5,194.17,194.48,41181753
7/6/2024,194.65,196.94,194.14,196.89,53103912
10/6/2024,196.9,197.3,192.15,193.12,97262077
11/6/2024,193.65,207.16,193.63,207.15,172373296
12/6/2024,207.37,220.2,206.9,213.07,198134293
13/6/2024,214.74,216.75,211.6,214.24,97862729
14/6/2024,213.85,215.17,211.3,212.49,70122748
17/6/2024,213.37,218.95,212.72,216.67,93728300
18/6/2024,217.59,218.63,213,214.29,79943254
20/6/2024,213.93,214.24,208.85,209.68,86172451
21/6/2024,210.39,211.89,207.11,207.49,246421353
24/6/2024,207.72,212.7,206.59,208.14,80727006
25/6/2024,209.15,211.38,208.61,209.07,56713868
26/6/2024,211.5,214.86,210.64,213.25,66213186
27/6/2024,214.69,215.74,212.35,214.1,49772707
28/6/2024,215.77,216.07,210.3,210.62,82542718
1/7/2024,212.09,217.51,211.92,216.75,60402929
2/7/2024,216.15,220.38,215.1,220.27,58046178
3/7/2024,220,221.55,219.03,221.55,37369801
5/7/2024,221.65,226.45,221.65,226.34,60412408
8/7/2024,227.09,227.85,223.25,227.82,59085861
9/7/2024,227.93,229.4,226.37,228.68,48169822
10/7/2024,229.3,233.08,229.25,232.98,62627687
11/7/2024,231.39,232.39,225.77,227.57,64710617
12/7/2024,228.92,232.64,228.68,230.54,53046527
15/7/2024,236.48,237.23,233.09,234.4,62631252
16/7/2024,235,236.27,232.33,234.82,43234278
17/7/2024,229.45,231.46,226.64,228.88,57345884
18/7/2024,230.28,230.44,222.27,224.18,66034585
19/7/2024,224.82,226.8,223.28,224.31,49151453
22/7/2024,227.01,227.78,223.09,223.96,48201835
23/7/2024,224.37,226.94,222.68,225.01,39960260
24/7/2024,224,224.8,217.13,218.54,61777576
25/7/2024,218.93,220.85,214.62,217.49,51391199
26/7/2024,218.7,219.49,216.01,217.96,41601345
29/7/2024,216.96,219.3,215.75,218.24,36311778
30/7/2024,219.19,220.33,216.12,218.8,41643840
31/7/2024,221.44,223.82,220.63,222.08,50036262
1/8/2024,224.37,224.48,217.02,218.36,62500996
2/8/2024,219.15,225.6,217.71,219.86,105568560
5/8/2024,199.09,213.5,196,209.27,119548589
6/8/2024,205.3,209.99,201.07,207.23,69660488
7/8/2024,206.9,213.64,206.39,209.82,63516417
8/8/2024,213.11,214.2,208.83,213.31,47161149
9/8/2024,212.1,216.78,211.97,216.24,42201646
12/8/2024,216.07,219.51,215.6,217.53,38028092
13/8/2024,219.01,221.89,219.01,221.27,44155331
14/8/2024,220.57,223.03,219.7,221.72,41960574
15/8/2024,224.6,225.35,222.76,224.72,46414013
16/8/2024,223.92,226.83,223.65,226.05,44340240
19/8/2024,225.72,225.99,223.04,225.89,40687813
20/8/2024,225.77,227.17,225.45,226.51,30299033
21/8/2024,226.52,227.98,225.05,226.4,34765480
22/8/2024,227.79,228.34,223.9,224.53,43695321
23/8/2024,225.66,228.22,224.33,226.84,38677250
26/8/2024,226.76,227.28,223.89,227.18,30602208
27/8/2024,226,228.85,224.89,228.03,35934559
28/8/2024,227.92,229.86,225.68,226.49,38052167
29/8/2024,230.1,232.92,228.88,229.79,51906297
30/8/2024,230.19,230.4,227.48,229,52990770
3/9/2024,228.55,229,221.17,222.77,50190574
4/9/2024,221.66,221.78,217.48,220.85,43840196
5/9/2024,221.63,225.48,221.52,222.38,36615398
6/9/2024,223.95,225.24,219.77,220.82,48423011
9/9/2024,220.82,221.27,216.71,220.91,67179965
10/9/2024,218.92,221.48,216.73,220.11,51591033
11/9/2024,221.46,223.09,217.89,222.66,44587072
12/9/2024,222.5,223.55,219.82,222.77,37498225
13/9/2024,223.58,224.04,221.91,222.5,36766619
16/9/2024,216.54,217.22,213.92,216.32,59357427
17/9/2024,215.75,216.9,214.5,216.79,45519339
18/9/2024,217.55,222.71,217.54,220.69,59894928
19/9/2024,224.99,229.82,224.63,228.87,66781315
20/9/2024,229.97,233.09,227.62,228.2,318679888
23/9/2024,227.34,229.45,225.81,226.47,54146023
24/9/2024,228.65,229.35,225.73,227.37,43556068
25/9/2024,224.93,227.29,224.02,226.37,42308715
26/9/2024,227.3,228.5,225.41,227.52,36636707
27/9/2024,228.46,229.52,227.3,227.79,34025967
30/9/2024,230.04,233,229.65,233,54793391
1/10/2024,229.52,229.65,223.74,226.21,63285048
2/10/2024,225.89,227.37,223.02,226.78,32880605
3/10/2024,225.14,226.81,223.32,225.67,34044158
4/10/2024,227.9,228,224.13,226.8,37345098
7/10/2024,224.5,225.69,221.33,221.69,39505354
8/10/2024,224.3,225.98,223.25,225.77,31855693
9/10/2024,225.23,229.75,224.83,229.54,33591091
10/10/2024,227.78,229.5,227.17,229.04,28183544
11/10/2024,229.3,229.41,227.34,227.55,31759188
14/10/2024,228.7,231.73,228.6,231.3,39882085
15/10/2024,233.61,237.49,232.37,233.85,64751367
16/10/2024,231.6,232.12,229.84,231.78,34082240
17/10/2024,233.43,233.85,230.52,232.15,32993810
18/10/2024,236.18,236.18,234.01,235,46431472
21/10/2024,234.45,236.85,234.45,236.48,36254470
22/10/2024,233.89,236.22,232.6,235.86,38846578
23/10/2024,234.08,235.14,227.76,230.76,52286979
24/10/2024,229.98,230.82,228.41,230.57,31109503
25/10/2024,229.74,233.22,229.57,231.41,38802304
28/10/2024,233.32,234.73,232.55,233.4,36087134
29/10/2024,233.1,234.33,232.32,233.67,35417247
30/10/2024,232.61,233.47,229.55,230.1,47070907
31/10/2024,229.34,229.83,225.37,225.91,64370086
1/11/2024,220.97,225.35,220.27,222.91,65276741
4/11/2024,220.99,222.79,219.71,222.01,44944468
5/11/2024,221.8,223.95,221.14,223.45,28111338
6/11/2024,222.61,226.07,221.19,222.72,54561121
7/11/2024,224.63,227.88,224.57,227.48,42137691
8/11/2024,227.17,228.66,226.41,226.96,38328824
11/11/2024,225,225.7,221.5,224.23,42005602
12/11/2024,224.55,225.59,223.36,224.23,40398299
13/11/2024,224.01,226.65,222.76,225.12,48566217
14/11/2024,225.02,228.87,225,228.22,44923941
15/11/2024,226.4,226.92,224.27,225,47923696
18/11/2024,225.25,229.74,225.17,228.02,44686020
19/11/2024,226.98,230.16,226.66,228.28,36211774
20/11/2024,228.06,229.93,225.89,229,35169566
21/11/2024,228.88,230.16,225.71,228.52,42108327
22/11/2024,228.06,230.72,228.06,229.87,38168252
25/11/2024,231.46,233.25,229.74,232.87,90152832
26/11/2024,233.33,235.57,233.33,235.06,45986189
27/11/2024,234.47,235.69,233.81,234.93,33498439
29/11/2024,234.81,237.81,233.97,237.33,28481377
2/12/2024,237.27,240.79,237.16,239.59,48137103
3/12/2024,239.81,242.76,238.9,242.65,38861017
4/12/2024,242.87,244.11,241.25,243.01,44383935
5/12/2024,243.99,244.54,242.13,243.04,40033878
6/12/2024,242.91,244.63,242.08,242.84,36870619
9/12/2024,241.83,247.24,241.75,246.75,44649232
10/12/2024,246.89,248.21,245.34,247.77,36914806
11/12/2024,247.96,250.8,246.26,246.49,45205814
12/12/2024,246.89,248.74,245.68,247.96,32777532
13/12/2024,247.82,249.29,246.24,248.13,33155290
16/12/2024,247.99,251.38,247.65,251.04,51694753
17/12/2024,250.08,253.83,249.78,253.48,51356360
18/12/2024,252.16,254.28,247.74,248.05,56774101
19/12/2024,247.5,252,247.09,249.79,60882264
20/12/2024,248.04,255,245.69,254.49,147495267
23/12/2024,254.77,255.65,253.45,255.27,40858774
24/12/2024,255.49,258.21,255.29,258.2,23234705
26/12/2024,258.19,260.1,257.63,259.02,27262983
27/12/2024,257.83,258.7,253.06,255.59,42355321
30/12/2024,252.23,253.5,250.75,252.2,35557542
31/12/2024,252.44,253.28,249.43,250.42,39480718
2/1/2025,248.93,249.1,241.82,243.85,55740731
3/1/2025,243.36,244.18,241.89,243.36,40244114
6/1/2025,244.31,247.33,243.2,245,45045571
7/1/2025,242.98,245.55,241.35,242.21,40855960
8/1/2025,241.92,243.71,240.05,242.7,37628940
10/1/2025,240.01,240.16,233,236.85,61710856
13/1/2025,233.53,234.67,229.72,234.4,49630725
14/1/2025,234.75,236.12,232.47,233.28,39435294
15/1/2025,234.64,238.96,234.43,237.87,39831969
16/1/2025,237.35,238.01,228.03,228.26,71759052
17/1/2025,232.12,232.29,228.48,229.98,68488301
21/1/2025,224,224.42,219.38,222.64,98070429
22/1/2025,219.79,224.12,219.79,223.83,64126500
23/1/2025,224.74,227.03,222.3,223.66,60234760
24/1/2025,224.78,225.63,221.41,222.78,54697907
27/1/2025,224.02,232.15,223.98,229.86,94863418
28/1/2025,230.85,240.19,230.81,238.26,75707569
29/1/2025,234.12,239.86,234.01,239.36,45486100
30/1/2025,238.67,240.79,237.21,237.59,55658279
31/1/2025,247.19,247.19,233.44,236,101075128
3/2/2025,229.99,231.83,225.7,228.01,73063301
4/2/2025,227.25,233.13,226.65,232.8,45067301
5/2/2025,228.53,232.67,228.27,232.47,39664989
6/2/2025,231.29,233.8,230.43,233.22,29925349
7/2/2025,232.6,234,227.26,227.63,39707224
10/2/2025,229.57,230.59,227.2,227.65,33115645
11/2/2025,228.2,235.23,228.13,232.62,53718362
12/2/2025,231.2,236.96,230.68,236.87,45243292
13/2/2025,236.91,242.34,235.57,241.53,53614054
14/2/2025,241.25,245.55,240.99,244.6,40896227
18/2/2025,244.15,245.18,241.84,244.47,48822491
19/2/2025,244.66,246.01,243.16,244.87,32204215
20/2/2025,244.94,246.78,244.29,245.83,32316907
21/2/2025,245.95,248.69,245.22,245.55,53197431
24/2/2025,244.93,248.86,244.42,247.1,51326396
25/2/2025,248,250,244.91,247.04,48013272
26/2/2025,244.33,244.98,239.13,240.36,44433564
27/2/2025,239.41,242.46,237.06,237.3,41153639
28/2/2025,236.95,242.09,230.2,241.84,56833360
3/3/2025,241.79,244.03,236.11,238.03,47183985
4/3/2025,237.71,240.07,234.68,235.93,53798062
5/3/2025,235.42,236.55,229.23,235.74,47227643
6/3/2025,234.44,237.86,233.16,235.33,45170419
7/3/2025,235.11,241.37,234.76,239.07,46273565
10/3/2025,235.54,236.16,224.22,227.48,72071197
11/3/2025,223.81,225.84,217.45,220.84,76137410
12/3/2025,220.14,221.75,214.91,216.98,62547467
13/3/2025,215.95,216.84,208.42,209.68,61368330
14/3/2025,211.25,213.95,209.58,213.49,60107582
17/3/2025,213.31,215.22,209.97,214,48073426
18/3/2025,214.16,215.15,211.49,212.69,42432426
19/3/2025,214.22,218.76,213.75,215.24,54385391
20/3/2025,213.99,217.49,212.22,214.1,48862947
21/3/2025,211.56,218.84,211.28,218.27,94127768
24/3/2025,221,221.48,218.58,220.73,44299483
25/3/2025,220.77,224.1,220.08,223.75,34493583
26/3/2025,223.51,225.02,220.47,221.53,34532656
27/3/2025,221.39,224.99,220.56,223.85,37094774
28/3/2025,221.67,223.81,217.68,217.9,39818617
31/3/2025,217.01,225.62,216.23,222.13,65299321
1/4/2025,219.81,223.68,218.9,223.19,36412740
2/4/2025,221.32,225.19,221.02,223.89,35905904
3/4/2025,205.54,207.49,201.25,203.19,103419006
4/4/2025,193.89,199.88,187.34,188.38,125910913
7/4/2025,177.2,194.15,174.62,181.46,160466286
8/4/2025,186.7,190.34,169.21,172.42,120859491
9/4/2025,171.95,200.61,171.89,198.85,184395885
10/4/2025,189.07,194.78,183,190.42,121879981
11/4/2025,186.1,199.54,186.06,198.15,87435915
14/4/2025,211.44,212.94,201.16,202.52,101352911
15/4/2025,201.86,203.51,199.8,202.14,51343872
16/4/2025,198.36,200.7,192.37,194.27,59732423
17/4/2025,197.2,198.83,194.42,196.98,52164675
21/4/2025,193.27,193.8,189.81,193.16,46742537
22/4/2025,196.12,201.59,195.97,199.74,52976371
23/4/2025,206,208,202.8,204.6,52929165
24/4/2025,204.89,208.83,202.94,208.37,47310989
25/4/2025,206.37,209.75,206.2,209.28,38222258
28/4/2025,210,211.5,207.46,210.14,38743074
29/4/2025,208.69,212.24,208.37,211.21,36827633
30/4/2025,209.3,213.58,206.67,212.5,52286454
1/5/2025,209.08,214.56,208.9,213.32,57365675
2/5/2025,206.09,206.99,202.16,205.35,101010621
5/5/2025,203.1,204.1,198.21,198.89,69018452
6/5/2025,198.21,200.65,197.02,198.51,51216482
7/5/2025,199.17,199.44,193.25,196.25,68616943
8/5/2025,197.72,200.05,194.68,197.49,50478872
9/5/2025,199,200.54,197.54,198.53,36453923
12/5/2025,210.97,211.27,206.75,210.79,63775814
13/5/2025,210.43,213.4,209,212.93,51909332
14/5/2025,212.43,213.94,210.58,212.33,49325825
15/5/2025,210.95,212.96,209.54,211.45,45029473
16/5/2025,212.36,212.57,209.77,211.26,54737850
19/5/2025,207.91,209.48,204.26,208.78,46140527
20/5/2025,207.67,208.47,205.03,206.86,42496635
21/5/2025,205.17,207.04,200.71,202.09,59211774
22/5/2025,205.17,207.04,200.71,202.09,1536434
23/5/2025,193.67,197.7,193.46,195.27,78432918
27/5/2025,198.3,200.74,197.43,200.21,56288475
28/5/2025,200.59,202.73,199.9,200.42,45339678
29/5/2025,203.58,203.81,198.51,199.95,51477938
30/5/2025,199.37,201.96,196.78,200.85,70819942
2/6/2025,200.28,202.13,200.12,201.7,35423294
3/6/2025,201.35,203.77,200.96,203.27,46381567
4/6/2025,202.91,206.24,202.1,202.82,43603985
5/6/2025,203.5,204.75,200.15,200.63,55221235
6/6/2025,203,205.7,202.05,203.92,46607693
9/6/2025,204.39,206,200.02,201.45,72862557
10/6/2025,200.6,204.35,200.57,202.67,54672608
11/6/2025,203.5,204.5,198.41,198.78,60989857
12/6/2025,199.08,199.68,197.36,199.2,43904635
13/6/2025,199.73,200.37,195.7,196.45,51447349
16/6/2025,197.3,198.69,196.56,198.42,43020691
17/6/2025,197.2,198.39,195.21,195.64,38856152
18/6/2025,195.94,197.57,195.07,196.58,45394689
20/6/2025,198.24,201.7,196.86,201,96813542
23/6/2025,201.63,202.3,198.96,201.5,55814272
24/6/2025,202.59,203.44,200.2,200.3,54064033
25/6/2025,201.45,203.67,200.62,201.56,39525730
26/6/2025,201.43,202.64,199.46,201,50799121
27/6/2025,201.89,203.22,200,201.08,73188571
30/6/2025,202.01,207.39,199.26,205.17,91912816
1/7/2025,206.67,210.19,206.14,207.82,78788867
2/7/2025,208.91,213.34,208.14,212.44,67941811
3/7/2025,212.15,214.65,211.81,213.55,34955836
7/7/2025,212.68,216.23,208.8,209.95,50228984
8/7/2025,210.1,211.43,208.45,210.01,42848928
9/7/2025,209.53,211.33,207.22,211.14,48749367
10/7/2025,210.51,213.48,210.03,212.41,44443635
11/7/2025,210.57,212.13,209.86,211.16,39765812
14/7/2025,209.93,210.91,207.54,208.62,38840111
15/7/2025,209.22,211.89,208.92,209.11,42296339
16/7/2025,210.3,212.4,208.64,210.16,47490532
17/7/2025,210.57,211.8,209.59,210.02,48068141
18/7/2025,210.87,211.79,209.7,211.18,48974591
21/7/2025,212.1,215.78,211.63,212.48,51377434
22/7/2025,213.14,214.95,212.23,214.4,46404072
23/7/2025,215,215.15,212.41,214.15,46989301
24/7/2025,213.9,215.69,213.53,213.76,46022620
25/7/2025,214.7,215.24,213.4,213.88,40268781
28/7/2025,214.03,214.85,213.06,214.05,37858017
29/7/2025,214.18,214.81,210.82,211.27,51411723
30/7/2025,211.9,212.39,207.72,209.05,45512514
31/7/2025,208.49,209.84,207.16,207.57,80698431
1/8/2025,210.87,213.58,201.5,202.38,104434473
4/8/2025,204.51,207.88,201.68,203.35,75109298
5/8/2025,203.4,205.34,202.16,202.92,44155079
6/8/2025,205.63,215.38,205.59,213.25,108483103
7/8/2025,218.88,220.85,216.58,220.03,90224834
8/8/2025,220.83,231,219.25,229.35,113853967
11/8/2025,227.92,229.56,224.76,227.18,61806132
12/8/2025,228.01,230.8,227.07,229.65,55672301
13/8/2025,231.07,235,230.43,233.33,69878546
14/8/2025,234.06,235.12,230.85,232.78,51916275
15/8/2025,234,234.28,229.34,231.59,56038657
18/8/2025,231.7,233.12,230.11,230.89,37476188
19/8/2025,231.28,232.87,229.35,230.56,39402564
20/8/2025,229.98,230.47,225.77,226.01,42263865
21/8/2025,226.27,226.52,223.78,224.9,30621249
22/8/2025,226.17,229.09,225.41,227.76,42477811
25/8/2025,226.48,229.3,226.23,227.16,30983133
26/8/2025,226.87,229.49,224.69,229.31,54575107
27/8/2025,228.61,230.9,228.26,230.49,31259513
28/8/2025,230.82,233.41,229.34,232.56,38074700
29/8/2025,232.51,233.38,231.37,232.14,39418437
2/9/2025,229.25,230.85,226.97,229.72,44075638
3/9/2025,237.21,238.85,234.36,238.47,66427835
4/9/2025,238.45,239.9,236.74,239.78,47549429
5/9/2025,240,241.32,238.49,239.69,54870397
8/9/2025,239.3,240.15,236.34,237.88,48999495
9/9/2025,237,238.78,233.36,234.35,66313918
10/9/2025,232.19,232.42,225.95,226.79,83440810
11/9/2025,226.88,230.45,226.65,230.03,50208578
12/9/2025,229.22,234.51,229.02,234.07,55824216
15/9/2025,237,238.19,235.03,236.7,42699524
16/9/2025,237.18,241.22,236.32,238.15,63421099
17/9/2025,238.97,240.1,237.73,238.99,46508017
18/9/2025,239.97,241.2,236.65,237.88,44249576
19/9/2025,241.23,246.3,240.21,245.5,163741314
22/9/2025,248.3,256.64,248.12,256.08,105517416
23/9/2025,255.88,257.34,253.58,254.43,60275187
24/9/2025,255.22,255.74,251.04,252.31,42303710
25/9/2025,253.21,257.17,251.71,256.87,55202075
26/9/2025,254.1,257.6,253.78,255.46,46076258
29/9/2025,254.56,255,253.01,254.43,40127687
30/9/2025,254.86,255.92,253.11,254.63,37704259
1/10/2025,255.04,258.79,254.93,255.45,48713940
2/10/2025,256.58,258.18,254.15,257.13,42630239
3/10/2025,254.67,259.24,253.95,258.02,49155614
6/10/2025,257.99,259.07,255.05,256.69,44664118
7/10/2025,256.81,257.4,255.43,256.48,31955776
8/10/2025,256.52,258.52,256.11,258.06,36496895
9/10/2025,257.81,258,253.14,254.04,38322012
10/10/2025,254.94,256.38,244,245.27,61999098
13/10/2025,249.38,249.69,245.56,247.66,38142942
14/10/2025,246.6,248.85,244.7,247.77,35477986
15/10/2025,249.49,251.82,247.47,249.34,33893611
16/10/2025,248.25,249.04,245.13,247.45,39776974
17/10/2025,248.02,253.38,247.27,252.29,49146961
20/10/2025,255.89,264.38,255.63,262.24,90483029
21/10/2025,261.88,265.29,261.83,262.77,46695948
22/10/2025,262.65,262.85,255.43,258.45,45015254
23/10/2025,259.94,260.62,258.01,259.58,32754941
24/10/2025,261.19,264.13,259.18,262.82,38253717
27/10/2025,264.88,269.12,264.65,268.81,44888152
28/10/2025,268.99,269.89,268.15,269,41534759
29/10/2025,269.27,271.41,267.11,269.7,51086742
30/10/2025,271.99,274.14,268.48,271.4,69886534
31/10/2025,276.99,277.32,269.16,270.37,86167123
3/11/2025,270.42,270.85,266.25,269.05,50194583
4/11/2025,268.33,271.49,267.62,270.04,49274846
5/11/2025,268.61,271.7,266.93,270.14,43683072
6/11/2025,267.89,273.4,267.89,269.77,51204045
7/11/2025,269.8,272.29,266.77,268.47,48227365
10/11/2025,268.96,273.73,267.46,269.43,41312412
11/11/2025,269.81,275.91,269.8,275.25,46208318
12/11/2025,275,275.73,271.7,273.47,48397982
13/11/2025,274.11,276.7,272.09,272.95,49602794
14/11/2025,271.05,275.96,269.6,272.41,47431331
17/11/2025,268.82,270.49,265.73,267.46,45018260
18/11/2025,269.99,270.71,265.32,267.44,45677278
19/11/2025,265.52,272.21,265.5,268.56,40424492
20/11/2025,270.83,275.43,265.92,266.25,45823568
21/11/2025,265.95,273.33,265.67,271.49,59030832
24/11/2025,270.9,277,270.9,275.92,65585796
25/11/2025,275.27,280.38,275.25,276.97,46914220
26/11/2025,276.96,279.53,276.63,277.55,33431423
28/11/2025,277.26,279,275.99,278.85,20135620
1/12/2025,278.01,283.42,276.14,283.1,46587722
2/12/2025,283,287.4,282.63,286.19,53669532
3/12/2025,286.2,288.62,283.3,284.15,43538687
4/12/2025,284.1,284.73,278.59,280.7,43989056
5/12/2025,280.54,281.14,278.05,278.78,47265845
8/12/2025,278.13,279.67,276.15,277.89,38211832
9/12/2025,278.16,280.03,276.92,277.18,32193256
10/12/2025,277.75,279.75,276.44,278.78,33038318
11/12/2025,279.1,279.59,273.81,278.03,33247986
12/12/2025,277.9,279.22,276.82,278.28,39532887
15/12/2025,280.15,280.15,272.84,274.11,50409078
16/12/2025,272.82,275.5,271.79,274.61,37648628
17/12/2025,275.01,276.16,271.64,271.84,50138743
18/12/2025,273.61,273.63,266.95,272.19,51630721
19/12/2025,272.15,274.6,269.9,273.67,144632048
22/12/2025,272.86,273.88,270.51,270.97,36571827
23/12/2025,270.84,272.5,269.56,272.36,29641999
24/12/2025,272.34,275.43,272.2,273.81,17910574
26/12/2025,274.16,275.37,272.86,273.4,21521802
29/12/2025,272.69,274.36,272.35,273.76,23715213
30/12/2025,272.81,274.08,272.28,273.08,22139617
31/12/2025,273.06,273.68,271.75,271.86,27293639
2/1/2026,272.26,277.84,269,271.01,37838054
5/1/2026,270.64,271.51,266.14,267.26,45647190
6/1/2026,267,267.55,262.12,262.36,52352090
7/1/2026,263.2,263.68,259.81,260.33,48309804
8/1/2026,257.02,259.29,255.7,259.04,50419337
9/1/2026,259.08,260.21,256.22,259.37,39996967
12/1/2026,259.16,261.3,256.8,260.25,45263767
13/1/2026,258.72,261.81,258.39,261.05,45730847
14/1/2026,259.49,261.82,256.71,259.96,40019421
15/1/2026,260.65,261.04,257.05,258.21,39388564
16/1/2026,257.9,258.9,254.93,255.53,72142773
20/1/2026,252.73,254.79,243.42,246.7,80267517
21/1/2026,248.7,251.56,245.18,247.65,54641725
22/1/2026,249.2,251,248.15,248.35,39708340
23/1/2026,247.32,249.41,244.68,248.04,41688982
26/1/2026,251.48,256.56,249.8,255.41,55969234
27/1/2026,259.17,261.95,258.21,258.27,49648271
28/1/2026,257.65,258.86,254.51,256.44,41287971
29/1/2026,258,259.65,254.41,258.28,67253009
30/1/2026,255.17,261.9,252.18,259.48,92443408
2/2/2026,260.03,270.49,259.21,270.01,73913425
3/2/2026,269.2,271.88,267.61,269.48,64394655
4/2/2026,272.29,278.95,272.29,276.49,90545710
5/2/2026,278.13,279.5,273.23,275.91,52977441
6/2/2026,277.12,280.9,276.93,278.12,50453414
9/2/2026,277.9,278.2,271.7,274.62,44623396
10/2/2026,274.89,275.37,272.94,273.68,34376898
11/2/2026,274.7,280.18,274.45,275.5,51931283
12/2/2026,275.59,275.72,260.18,261.73,81077229
13/2/2026,262.01,262.23,255.45,255.78,56290673
17/2/2026,258.05,266.29,255.54,263.88,58469094
18/2/2026,263.6,266.82,262.45,264.35,34203337
19/2/2026,262.6,264.48,260.05,260.58,30845294
20/2/2026,258.97,264.75,258.16,264.58,42070499
23/2/2026,263.49,269.43,263.38,266.18,37037423
24/2/2026,267.86,274.89,267.71,272.14,46640212
25/2/2026,271.78,274.94,271.05,274.23,32901326
26/2/2026,274.95,276.11,270.8,272.95,32020158
27/2/2026,272.81,272.81,262.89,264.18,71865217
2/3/2026,262.41,266.53,260.2,264.72,41615354
3/3/2026,263.48,265.56,260.13,263.75,38009511
4/3/2026,264.65,266.15,261.42,262.52,39272558
5/3/2026,260.79,261.56,257.25,260.29,49183362
6/3/2026,258.63,258.77,254.37,257.46,40506869
9/3/2026,255.69,261.15,253.68,259.88,37993948
10/3/2026,257.65,262.48,256.95,260.83,28555212
11/3/2026,261.09,262.13,259.55,260.81,26218927
12/3/2026,258.66,258.95,254.18,255.76,40794020
13/3/2026,255.48,256.33,249.52,250.12,36929988
16/3/2026,252.11,253.89,249.88,252.82,32074210
17/3/2026,252.96,255.13,252.18,254.23,32361607
18/3/2026,252.63,254.94,249,249.94,35757874
19/3/2026,249.4,251.83,247.3,248.96,34864082
20/3/2026,247.98,249.2,246,247.99,88331081
23/3/2026,253.97,254.6,250.28,251.49,40546109
24/3/2026,250.35,254.83,249.55,251.64,45152289
25/3/2026,254.1,255,251.6,252.62,28476668
26/3/2026,252.12,257,250.77,252.89,41796650
27/3/2026,253.9,255.49,248.07,248.8,47899998
30/3/2026,250.07,250.87,245.51,246.63,39446213
31/3/2026,247.91,255.48,247.1,253.79,49598091
1/4/2026,254.08,256.18,253.33,255.63,40059432
2/4/2026,254.2,256.13,250.65,255.92,31289370
6/4/2026,256.51,262.16,256.46,258.86,29329911
7/4/2026,256.15,256.2,245.7,253.5,62148009
8/4/2026,258.45,259.75,256.53,258.9,41032773
9/4/2026,259,261.12,256.07,260.49,28121574
10/4/2026,259.98,262.19,259.02,260.48,31291474
13/4/2026,259.73,260.18,256.66,259.2,36234698
14/4/2026,259.25,261.93,257.19,258.83,48370710
15/4/2026,258.16,266.56,257.81,266.43,49913511
16/4/2026,266.8,267.16,261.27,263.4,43323112
17/4/2026,266.96,272.3,266.72,270.23,61436228
20/4/2026,270.33,274.27,270.29,273.05,36590170
21/4/2026,271.5,272.8,265.4,266.17,50209756
22/4/2026,267.82,273.74,266.87,273.17,43249205
23/4/2026,275.05,275.77,271.65,273.43,33399639
24/4/2026,272.76,273.06,269.65,271.06,38157110
27/4/2026,266.09,268.36,265.07,267.61,41466763
28/4/2026,272.33,273.23,268.66,270.71,40018940
29/4/2026,267.55,271.04,267.04,270.17,30047870
30/4/2026,270.5,276,268.14,271.35,91848231
1/5/2026,278.86,287.22,278.37,280.14,79915442
4/5/2026,279.65,280.63,274.86,276.83,46668401
5/5/2026,276.93,284.57,276.5,284.18,49311712
6/5/2026,281.92,288.03,281.07,287.51,58336072
7/5/2026,289.27,292.13,285.78,287.44,45224301
8/5/2026,290.01,294.76,290,293.32,52692761
11/5/2026,291.98,293.88,290.23,292.68,42247286
12/5/2026,292.56,295.27,292.56,294.8,45748129
13/5/2026,293.5,300.92,293.5,298.87,52684260
14/5/2026,299.82,300.45,295.38,298.21,35324922
15/5/2026,297.9,303.2,296.52,300.23,54862836
18/5/2026,300.24,300.66,294.91,297.84,34482960
19/5/2026,296.97,300.51,296.35,298.97,42243562
20/5/2026,298.18,302.8,298.08,302.25,38229844
21/5/2026,301.06,305.54,300.4,304.99,42965127
22/5/2026,306.12,311.4,305.84,308.82,43670224
26/5/2026,309.56,311.82,307.67,308.33,48000494
27/5/2026,308.33,313.26,308.3,310.85,50430920
28/5/2026,310.68,312.8,309.57,312.51,48220390
29/5/2026,311.77,315,309.53,312.06,70026753
1/6/2026,309.63,310.94,305.02,306.31,48849934
2/6/2026,307.46,315.45,306.69,315.2,44534716
3/6/2026,314.18,316.94,308.85,310.26,50836705
4/6/2026,313.23,313.54,309.65,311.23,44869134
5/6/2026,312.86,315.17,307.15,307.34,65310503
8/6/2026,308.74,317.4,301.17,301.54,77949082
9/6/2026,300.27,300.75,287.78,290.55,70108848
10/6/2026,290.74,294.75,287.38,291.58,52793266
11/6/2026,293.72,297,289.59,295.63,42572498
12/6/2026,296.03,297.14,289.62,291.13,38784790
15/6/2026,294.12,297.78,291.7,296.42,45732573
16/6/2026,295.25,300.48,293.97,299.24,39874404
17/6/2026,300.85,302.07,294.36,295.95,42745060
18/6/2026,298.11,300.57,295.62,298.01,85962202
22/6/2026,297.31,302.42,296.76,297.01,44879915
23/6/2026,297.54,301.64,294.18,294.3,52010930
24/6/2026,295.36,299.7,292.94,293.08,53081860
25/6/2026,287.4,288.8,273.75,275.15,107253660
26/6/2026,275,285.95,274.21,283.78,261775450
29/6/2026,286.73,288.37,279.85,281.74,66427002
30/6/2026,281.17,289.94,280.7,289.36,65100156
1/7/2026,293.44,296.59,289.2,294.38,50164232
2/7/2026,294.12,309.42,293.68,308.63,75400626
6/7/2026,307.36,314.2,307,312.66,53589978
7/7/2026,315.29,315.48,310.15,310.66,42490003
8/7/2026,311.91,314.82,307.05,313.39,41323480
9/7/2026,310.51,316.53,308.16,316.22,48124490
10/7/2026,314.72,316.91,312.17,315.32,34132322
13/7/2026,317.02,323.45,315.78,317.31,43257804
14/7/2026,313.76,316.19,311.91,314.86,36336830
15/7/2026,317.62,328.73,317.32,327.5,60957644
16/7/2026,328.01,334.68,326.79,333.26,62970617
17/7/2026,331.98,334.99,329,333.74,63407059
20/7/2026,333.51,333.71,323.68,326.59,53468008
21/7/2026,323.13,329.6,322.22,327.74,41338918
22/7/2026,327.87,329,323.34,325.89,38755930
23/7/2026,321.73,323.3,319.35,321.66,40840779
24/7/2026,321.79,334.37,321.62,333.02,47489416
27/7/2026,334.54,339.57,334.02,336.91,49604297
28/7/2026,340.03,342.89,335.6,340.08,51859043
29/7/2026,339.73,344.57,337.35,338.19,56090841
30/7/2026,333.1,334.75,329.59,333.43,74817793
31/7/2026,304.81,310.69,300,308.91,132489137
3/8/2026,309.58,311.8,302.56,303.42,75051952
4/8/2026,302.73,310.42,301.32,309.38,68000969
5/8/2026,309.36,311.71,305.67,311,49438764
6/8/2026,314.34,316.29,309.23,312.41,46139902
7/8/2026,311.45,314.81,310.74,313.33,34437191
10/8/2026,306.83,308.26,304.61,308.26,44812503
11/8/2026,307.75,309.97,302.79,304.91,37476746
12/8/2026,305.1,305.66,300.57,302.25,41657768
13/8/2026,304.21,306,302.05,305.26,40349289
14/8/2026,306,307.49,304.3,305.93,28229375
17/8/2026,306.21,307.66,302.94,305.59,38169264
18/8/2026,307.58,311.49,305.74,310.03,53424535
19/8/2026,310.14,319.28,309.6,316.83,50505647
20/8/2026,317.46,320.28,310.65,311.3,40959185
21/8/2026,312.05,312.38,307.01,309.35,46876816
24/8/2026,311.47,313.36,309.97,310.34,34673583
25/8/2026,310.79,313.59,308.21,309.9,25869808
26/8/2026,310.3,315.43,308.8,313.45,34024487
27/8/2026,310.55,315.4,309.4,314.58,32419234
28/8/2026,316.85,322.37,315.45,319.7,38649399
31/8/2026,319.6,321.24,312.8,316.85,41242725